model,noise,pdb_id,entropy_bits,normalized_entropy
fullbackbone,0.0,1AKI,3.969272848048628,0.9184032591250397
fullbackbone,0.0,1AKI,3.950933683194545,0.9141599759302598
fullbackbone,0.0,1AKI,3.906811744873489,0.9039511206803887
fullbackbone,0.0,1AKI,3.985847699434106,0.9222383186220002
fullbackbone,0.0,1AKI,3.8400226081368865,0.8884975695637908
fullbackbone,0.0,1AKI,4.081031849120794,0.9442618570976372
fullbackbone,0.0,1AKI,3.983571881872619,0.9217117440211458
fullbackbone,0.0,1AKI,3.960496654540887,0.9163726391528744
fullbackbone,0.0,1BPI,3.818260951613811,0.8834623963620852
fullbackbone,0.0,1BPI,3.6854604207647426,0.8527352468275603
fullbackbone,0.0,1BPI,3.7248297121466845,0.8618444431208799
fullbackbone,0.0,1BPI,3.7603128412870883,0.8700544661387035
fullbackbone,0.0,1BPI,3.7683196248510566,0.8719070614128914
fullbackbone,0.0,1BPI,3.6184927983701463,0.8372403980183412
fullbackbone,0.0,1BPI,3.7388453844278375,0.8650873643295258
fullbackbone,0.0,1BPI,3.670601315116914,0.8492971735136136
fullbackbone,0.0,1CRN,3.4464124990649547,0.7974247658451094
fullbackbone,0.0,1CRN,3.435407337615464,0.7948784112533915
fullbackbone,0.0,1CRN,3.506862913219876,0.8114116746570424
fullbackbone,0.0,1CRN,3.5211025226123454,0.814706410034365
fullbackbone,0.0,1CRN,3.4269212609727857,0.7929149180030719
fullbackbone,0.0,1CRN,3.6309826076665432,0.8401302677760476
fullbackbone,0.0,1CRN,3.3884967515230002,0.7840243236650403
fullbackbone,0.0,1CRN,3.5995729677087978,0.8328627614066331
fullbackbone,0.0,1CSP,3.9120626985950606,0.9051660769698706
fullbackbone,0.0,1CSP,3.8310353701315867,0.8864181184928831
fullbackbone,0.0,1CSP,3.7512595795652217,0.8679597386182304
fullbackbone,0.0,1CSP,3.6290957649256326,0.8396936934741422
fullbackbone,0.0,1CSP,3.683033176685413,0.8521736354295824
fullbackbone,0.0,1CSP,3.8684853174227625,0.8950832203800425
fullbackbone,0.0,1CSP,3.687712641375692,0.8532563616081633
fullbackbone,0.0,1CSP,3.7283834973046606,0.8626667115806861
fullbackbone,0.0,1ENH,3.393828022094787,0.7852578635238114
fullbackbone,0.0,1ENH,3.3272315975222235,0.7698489018033831
fullbackbone,0.0,1ENH,3.630753716899809,0.8400773074394319
fullbackbone,0.0,1ENH,3.3169478634274587,0.7674694697839263
fullbackbone,0.0,1ENH,3.259908041533339,0.7542716977151139
fullbackbone,0.0,1ENH,3.1795618113919066,0.7356813305508665
fullbackbone,0.0,1ENH,3.4073321152868994,0.7883824164769453
fullbackbone,0.0,1ENH,3.6707145865341304,0.8493233820517312
fullbackbone,0.0,1FKB,3.8481989901949283,0.890389406234492
fullbackbone,0.0,1FKB,3.740910814032271,0.8655652597408069
fullbackbone,0.0,1FKB,3.6692804636598413,0.8489915572636266
fullbackbone,0.0,1FKB,3.8292350598619964,0.8860015659195721
fullbackbone,0.0,1FKB,3.7855548876590452,0.8758949257247427
fullbackbone,0.0,1FKB,3.8535883071880552,0.8916363767705133
fullbackbone,0.0,1FKB,3.7571708487606155,0.8693274775221669
fullbackbone,0.0,1FKB,3.751910154615578,0.8681102675109083
fullbackbone,0.0,1HEL,3.9876155823808457,0.9226473682192925
fullbackbone,0.0,1HEL,3.9711511037383156,0.9188378465703768
fullbackbone,0.0,1HEL,3.9629137271577175,0.9169318970960341
fullbackbone,0.0,1HEL,3.895924669138065,0.9014320885501913
fullbackbone,0.0,1HEL,3.9365808085625993,0.9108390334442141
fullbackbone,0.0,1HEL,4.065552891560565,0.9406803635557757
fullbackbone,0.0,1HEL,3.869029773824848,0.8952091957295004
fullbackbone,0.0,1HEL,3.9166747015186436,0.9062331939654168
fullbackbone,0.0,1IGD,3.51841864345189,0.8140854188698821
fullbackbone,0.0,1IGD,3.143702613645905,0.7273842934510542
fullbackbone,0.0,1IGD,3.5332835371817084,0.8175248314198972
fullbackbone,0.0,1IGD,3.5883025819228034,0.8302550396818486
fullbackbone,0.0,1IGD,3.438716542999855,0.7956440892822106
fullbackbone,0.0,1IGD,3.512230872999015,0.8126537035990531
fullbackbone,0.0,1IGD,3.4178472191656937,0.7908153824236099
fullbackbone,0.0,1IGD,3.3579868182738366,0.7769649898262252
fullbackbone,0.0,1LZ1,4.052390757363171,0.9376349324638137
fullbackbone,0.0,1LZ1,4.071420837612954,0.9420380784282952
fullbackbone,0.0,1LZ1,4.029467408436549,0.9323309689495342
fullbackbone,0.0,1LZ1,4.133552222351441,0.9564139272102279
fullbackbone,0.0,1LZ1,4.006136629058366,0.9269327349053856
fullbackbone,0.0,1LZ1,4.10779555688896,0.9504543959785654
fullbackbone,0.0,1LZ1,4.096449432809967,0.947829150062879
fullbackbone,0.0,1LZ1,3.9916035318862604,0.9235700928500267
fullbackbone,0.0,1MBN,3.6693360158834865,0.8490044108378707
fullbackbone,0.0,1MBN,3.410093116538024,0.7890212520129624
fullbackbone,0.0,1MBN,3.510300567230905,0.8122070728995758
fullbackbone,0.0,1MBN,3.5543992577423196,0.8224105491127921
fullbackbone,0.0,1MBN,3.5073482371551665,0.8115239680419937
fullbackbone,0.0,1MBN,3.531416712166501,0.8170928887835965
fullbackbone,0.0,1MBN,3.6676323562878537,0.8486102211248008
fullbackbone,0.0,1MBN,3.5592877774956295,0.8235416460783092
fullbackbone,0.0,1PIN,3.9634216115886773,0.9170494104881611
fullbackbone,0.0,1PIN,3.887314354006667,0.899439849220346
fullbackbone,0.0,1PIN,3.937990765789613,0.9111652668280323
fullbackbone,0.0,1PIN,3.9926296676249753,0.9238075183037099
fullbackbone,0.0,1PIN,3.9337060005969167,0.9101738655139371
fullbackbone,0.0,1PIN,3.950347257228832,0.9140242897381626
fullbackbone,0.0,1PIN,3.973777385565378,0.9194455109667765
fullbackbone,0.0,1PIN,3.9756578686273394,0.9198806137775303
fullbackbone,0.0,1R69,3.58705075744766,0.8299653947716003
fullbackbone,0.0,1R69,3.3246369641835414,0.7692485601776741
fullbackbone,0.0,1R69,3.7743130605765742,0.8732938118617496
fullbackbone,0.0,1R69,3.769445257947521,0.8721675083874249
fullbackbone,0.0,1R69,3.502073411474177,0.8103034883011971
fullbackbone,0.0,1R69,3.4699528541281848,0.8028714911367858
fullbackbone,0.0,1R69,3.489994991450638,0.8075088050583575
fullbackbone,0.0,1R69,3.3893209821446497,0.784215032673509
fullbackbone,0.0,1RIS,3.5383508097711838,0.8186972878972434
fullbackbone,0.0,1RIS,3.6109797866468565,0.835502050790358
fullbackbone,0.0,1RIS,3.468522959786587,0.8025406447390198
fullbackbone,0.0,1RIS,3.505646481479778,0.8111302188545877
fullbackbone,0.0,1RIS,3.456614504754545,0.7997852876922125
fullbackbone,0.0,1RIS,3.3642190804869303,0.7784069995210339
fullbackbone,0.0,1RIS,3.5251487676517472,0.8156426229815883
fullbackbone,0.0,1RIS,3.4470948497053935,0.7975826469170425
fullbackbone,0.0,1SHG,3.702329761599406,0.8566384447670676
fullbackbone,0.0,1SHG,3.619644787525774,0.8375069432107497
fullbackbone,0.0,1SHG,3.656155473077487,0.8459547203949429
fullbackbone,0.0,1SHG,3.6059479620674164,0.8343377962102339
fullbackbone,0.0,1SHG,3.559208937735312,0.823523404275441
fullbackbone,0.0,1SHG,3.6361115596552422,0.841316995522575
fullbackbone,0.0,1SHG,3.7006258755037704,0.8562442026468318
fullbackbone,0.0,1SHG,3.6052619968514903,0.8341790788042831
fullbackbone,0.0,1STN,3.6646547823726507,0.84792127539275
fullbackbone,0.0,1STN,3.494955746770286,0.8086566157601405
fullbackbone,0.0,1STN,3.772112537289138,0.8727846587154862
fullbackbone,0.0,1STN,3.6786576197010206,0.851161226872955
fullbackbone,0.0,1STN,3.571977458752556,0.8264777618531037
fullbackbone,0.0,1STN,3.6372996637063735,0.8415918969149736
fullbackbone,0.0,1STN,3.592112637855149,0.8311366036155134
fullbackbone,0.0,1STN,3.6539563979764265,0.8454459023274554
fullbackbone,0.0,1TIM,3.821209697501961,0.8841446719167476
fullbackbone,0.0,1TIM,3.7947540011857437,0.878023400175204
fullbackbone,0.0,1TIM,3.8315847599630994,0.8865452353304266
fullbackbone,0.0,1TIM,3.857926951440127,0.8926402445250935
fullbackbone,0.0,1TIM,3.794074698787445,0.8778662244000904
fullbackbone,0.0,1TIM,3.889064513452024,0.8998447979855574
fullbackbone,0.0,1TIM,3.8503594664528062,0.890889293370614
fullbackbone,0.0,1TIM,3.800707210923483,0.8794008432068874
fullbackbone,0.0,1TUP,3.990987830794715,0.9234276330316243
fullbackbone,0.0,1TUP,4.003486579954066,0.926319571278847
fullbackbone,0.0,1TUP,3.995246069466964,0.9244128966868171
fullbackbone,0.0,1TUP,4.005892613182497,0.9268762749480445
fullbackbone,0.0,1TUP,4.01381704452705,0.9287098157128543
fullbackbone,0.0,1TUP,3.94328892230943,0.9123911448166283
fullbackbone,0.0,1TUP,3.9143529221098348,0.9056959847944555
fullbackbone,0.0,1TUP,3.9704575856634388,0.9186773815974179
fullbackbone,0.0,1UBI,3.4758788548432342,0.8042426385934174
fullbackbone,0.0,1UBI,3.5498034905964118,0.8213471887224737
fullbackbone,0.0,1UBI,3.6253454426915943,0.8388259506168572
fullbackbone,0.0,1UBI,3.5933405928928694,0.8314207256579818
fullbackbone,0.0,1UBI,3.542645953745315,0.8196910906352418
fullbackbone,0.0,1UBI,3.6426189693595665,0.84282266835226
fullbackbone,0.0,1UBI,3.550680021103338,0.8215499987849463
fullbackbone,0.0,1UBI,3.4914989603973754,0.8078567907059014
fullbackbone,0.0,1UBQ,3.528057322912469,0.8163155993006905
fullbackbone,0.0,1UBQ,3.4716965479104616,0.8032749438884268
fullbackbone,0.0,1UBQ,3.5141617822139923,0.8131004739229882
fullbackbone,0.0,1UBQ,3.3401176005420403,0.7728304421568795
fullbackbone,0.0,1UBQ,3.3913876018621876,0.7846932034510337
fullbackbone,0.0,1UBQ,3.418430727223829,0.7909503934754656
fullbackbone,0.0,1UBQ,3.5728475685505314,0.8266790863034121
fullbackbone,0.0,1UBQ,3.4790734490586335,0.804981798094747
fullbackbone,0.0,1VII,3.3043344609220293,0.7645510032503552
fullbackbone,0.0,1VII,3.2487789053664735,0.7516966580748129
fullbackbone,0.0,1VII,3.0210848226564435,0.6990132080703158
fullbackbone,0.0,1VII,3.301636641270607,0.7639267865599818
fullbackbone,0.0,1VII,3.1135939943298854,0.7204178149130062
fullbackbone,0.0,1VII,3.134252431577193,0.7251977272099612
fullbackbone,0.0,1VII,3.07825208627154,0.7122404673768098
fullbackbone,0.0,1VII,3.081026127107925,0.7128823199887647
fullbackbone,0.0,2ACY,3.644937934454578,0.8433592263523235
fullbackbone,0.0,2ACY,3.7249169847227206,0.861864636093581
fullbackbone,0.0,2ACY,3.796353654263453,0.8783935250459999
fullbackbone,0.0,2ACY,3.7330962724907346,0.8637571450822635
fullbackbone,0.0,2ACY,3.803435945506845,0.8800322129389729
fullbackbone,0.0,2ACY,3.801459639579292,0.8795749388047986
fullbackbone,0.0,2ACY,3.608928820531564,0.8350275019153505
fullbackbone,0.0,2ACY,3.766838467056513,0.8715643537689822
fullbackbone,0.0,2CI2,3.6215199292082816,0.8379408101426696
fullbackbone,0.0,2CI2,3.732402654190278,0.863596656919289
fullbackbone,0.0,2CI2,3.622454782328314,0.8381571147871496
fullbackbone,0.0,2CI2,3.62332150137274,0.8383576546909605
fullbackbone,0.0,2CI2,3.602473200861577,0.8335338121712699
fullbackbone,0.0,2CI2,3.5486329941069963,0.821076361336243
fullbackbone,0.0,2CI2,3.591015878755665,0.8308828374548082
fullbackbone,0.0,2CI2,3.510075495235049,0.8121549961433424
fullbackbone,0.0,2CRO,3.700677575788692,0.8562561649663768
fullbackbone,0.0,2CRO,3.685503716449146,0.8527452645056551
fullbackbone,0.0,2CRO,3.695315798164126,0.8550155664402447
fullbackbone,0.0,2CRO,3.736162290964951,0.8644665549583426
fullbackbone,0.0,2CRO,3.670154690111823,0.8491938342179832
fullbackbone,0.0,2CRO,3.775366083054435,0.8735374583210941
fullbackbone,0.0,2CRO,3.734519590253611,0.8640864698029964
fullbackbone,0.0,2CRO,3.7383449760303322,0.864971580728661
fullbackbone,0.0,2GB1,3.346137327132111,0.7742232757390003
fullbackbone,0.0,2GB1,3.17125886455212,0.7337602095471162
fullbackbone,0.0,2GB1,3.299781231926625,0.7634974852612912
fullbackbone,0.0,2GB1,3.122169585587522,0.7224020198949865
fullbackbone,0.0,2GB1,3.528475089658542,0.8164122614239144
fullbackbone,0.0,2GB1,3.4370569561091897,0.795260097032865
fullbackbone,0.0,2GB1,3.5636274132764516,0.82454574325104
fullbackbone,0.0,2GB1,3.22683091616935,0.7466183715519328
fullbackbone,0.0,2LZM,3.838338972648689,0.8881080129929193
fullbackbone,0.0,2LZM,3.7770331466876192,0.8739231805257639
fullbackbone,0.0,2LZM,3.893691566097006,0.9009153971587496
fullbackbone,0.0,2LZM,3.8217348158697133,0.8842661728663754
fullbackbone,0.0,2LZM,3.8242357754223755,0.8848448404188552
fullbackbone,0.0,2LZM,3.7522304728186695,0.868184382164382
fullbackbone,0.0,2LZM,3.8568811933132445,0.8923982788782981
fullbackbone,0.0,2LZM,3.8691569084119406,0.8952386119030927
fullbackbone,0.0,2PCY,4.0160710788371246,0.9292313501439201
fullbackbone,0.0,2PCY,3.931025623572609,0.9095536846674583
fullbackbone,0.0,2PCY,3.941515234496746,0.9119807520998262
fullbackbone,0.0,2PCY,3.9673248967386017,0.9179525456316037
fullbackbone,0.0,2PCY,3.780159997617584,0.874646665706756
fullbackbone,0.0,2PCY,3.9826777913810876,0.9215048709608121
fullbackbone,0.0,2PCY,3.950132085203994,0.9139745036195337
fullbackbone,0.0,2PCY,3.8320613044856118,0.8866554973505366
fullbackbone,0.0,2PTL,3.412338063465575,0.7895406838216976
fullbackbone,0.0,2PTL,3.685826171670813,0.8528198736186685
fullbackbone,0.0,2PTL,3.3293700427420814,0.7703436914372938
fullbackbone,0.0,2PTL,3.420591925726749,0.7914504477233548
fullbackbone,0.0,2PTL,3.585261333297652,0.8295513610091865
fullbackbone,0.0,2PTL,3.6213822593124214,0.8379089563281596
fullbackbone,0.0,2PTL,3.4164398587729496,0.790489749890665
fullbackbone,0.0,2PTL,3.6931840300760173,0.8545223217491471
fullbackbone,0.0,3CHY,3.521359945029193,0.8147659719732024
fullbackbone,0.0,3CHY,3.6421907507436235,0.8427235878940613
fullbackbone,0.0,3CHY,3.6202806658941453,0.8376540716114104
fullbackbone,0.0,3CHY,3.6648729862524823,0.84797176301657
fullbackbone,0.0,3CHY,3.6878316857611257,0.8532839058853517
fullbackbone,0.0,3CHY,3.6048357484869777,0.8340804542193399
fullbackbone,0.0,3CHY,3.429072915687809,0.7934127640263706
fullbackbone,0.0,3CHY,3.666062635847802,0.8482470220142213
fullbackbone,0.0,3PGK,3.2548413903969595,0.7530993850284746
fullbackbone,0.0,3PGK,3.0702772283670026,0.7103952590046548
fullbackbone,0.0,3PGK,3.0722520442235437,0.7108521883688609
fullbackbone,0.0,3PGK,3.355406066382481,0.7763678600649947
fullbackbone,0.0,3PGK,3.1070328958231825,0.7188997196641601
fullbackbone,0.0,3PGK,3.298804260237884,0.7632714352976427
fullbackbone,0.0,3PGK,3.2723578124209696,0.7571523034573423
fullbackbone,0.0,3PGK,3.287388358889785,0.7606300444421115
fullbackbone,0.0,4HHB,3.9540491890186593,0.9148808361009322
fullbackbone,0.0,4HHB,3.8966077851199974,0.9015901467054718
fullbackbone,0.0,4HHB,3.857933838731628,0.8926418380942945
fullbackbone,0.0,4HHB,3.884914965329613,0.8988846829555736
fullbackbone,0.0,4HHB,3.7341100600060755,0.8639917134260868
fullbackbone,0.0,4HHB,3.922096292590495,0.9074876320201047
fullbackbone,0.0,4HHB,3.887489376702733,0.8994803456590242
fullbackbone,0.0,4HHB,3.8601253842865226,0.8931489139888443
fullbackbone,0.1,1AKI,4.010417477698434,0.9279232300145319
fullbackbone,0.1,1AKI,3.9765500654219688,0.9200870486776586
fullbackbone,0.1,1AKI,3.9966954091117386,0.9247482423040867
fullbackbone,0.1,1AKI,3.9917552205901434,0.9236051903112876
fullbackbone,0.1,1AKI,3.975195495421472,0.9197736306913438
fullbackbone,0.1,1AKI,4.00334700162824,0.9262872758952218
fullbackbone,0.1,1AKI,3.9522129915979,0.9144559800227083
fullbackbone,0.1,1AKI,3.9816857021830776,0.9212753231348815
fullbackbone,0.1,1BPI,3.6649933344252075,0.8479996089617321
fullbackbone,0.1,1BPI,3.8211022798272682,0.8841198178071153
fullbackbone,0.1,1BPI,3.7897870817103074,0.8768741632220691
fullbackbone,0.1,1BPI,3.7781673661087676,0.8741856141887603
fullbackbone,0.1,1BPI,3.6378403749463946,0.8417170057155251
fullbackbone,0.1,1BPI,3.6917453858785407,0.8541894508253624
fullbackbone,0.1,1BPI,3.6879036871453685,0.8533005654369828
fullbackbone,0.1,1BPI,3.7455757210754794,0.8666446175970209
fullbackbone,0.1,1CRN,3.626640630705244,0.8391256289051614
fullbackbone,0.1,1CRN,3.453988923969232,0.7991777855016001
fullbackbone,0.1,1CRN,3.46555564083096,0.8018540717811916
fullbackbone,0.1,1CRN,3.4931252078774984,0.8082330689420079
fullbackbone,0.1,1CRN,3.509535805750618,0.8120301237547736
fullbackbone,0.1,1CRN,3.4797952502234293,0.8051488071585141
fullbackbone,0.1,1CRN,3.3532946968877244,0.7758793351639779
fullbackbone,0.1,1CRN,3.538774457227713,0.8187953106887448
fullbackbone,0.1,1CSP,3.6763433865879036,0.8506257637504069
fullbackbone,0.1,1CSP,3.7951193707798456,0.8781079387390301
fullbackbone,0.1,1CSP,3.8557278103739074,0.8921314111947054
fullbackbone,0.1,1CSP,3.617088762034509,0.8369155345997901
fullbackbone,0.1,1CSP,3.473990626450721,0.8038057436819203
fullbackbone,0.1,1CSP,3.732197827925766,0.863549264584198
fullbackbone,0.1,1CSP,3.719054775370002,0.8605082485683805
fullbackbone,0.1,1CSP,3.7941502429250584,0.8778837036676662
fullbackbone,0.1,1ENH,3.2976116177230077,0.7629954838036123
fullbackbone,0.1,1ENH,3.2757876144024505,0.7579458849113091
fullbackbone,0.1,1ENH,3.358321333185939,0.7770423892888627
fullbackbone,0.1,1ENH,3.5329262577762957,0.817442164749474
fullbackbone,0.1,1ENH,3.4152850697845096,0.7902225568779432
fullbackbone,0.1,1ENH,3.313548725834076,0.7666829834012852
fullbackbone,0.1,1ENH,3.150349764479753,0.7289222993335934
fullbackbone,0.1,1ENH,3.3953300420290033,0.7856053982123208
fullbackbone,0.1,1FKB,3.619693165190524,0.8375181367483764
fullbackbone,0.1,1FKB,3.7955143986287037,0.8781993395768473
fullbackbone,0.1,1FKB,3.6920643781307336,0.8542632586826865
fullbackbone,0.1,1FKB,3.57156834618411,0.8263831021180355
fullbackbone,0.1,1FKB,3.768524070503142,0.8719543656825592
fullbackbone,0.1,1FKB,3.740265578777782,0.8654159663605556
fullbackbone,0.1,1FKB,3.672888742542365,0.849826434384047
fullbackbone,0.1,1FKB,3.8290307299860356,0.8859542884379772
fullbackbone,0.1,1HEL,3.8598713636212256,0.8930901391412022
fullbackbone,0.1,1HEL,3.8401214076546535,0.8885204296196728
fullbackbone,0.1,1HEL,3.998927231767366,0.9252646374422352
fullbackbone,0.1,1HEL,3.95372919842118,0.9148067972482595
fullbackbone,0.1,1HEL,4.020867748016357,0.9303411948877295
fullbackbone,0.1,1HEL,3.9275413912930417,0.9087475092283784
fullbackbone,0.1,1HEL,3.9596118821273305,0.9161679220927726
fullbackbone,0.1,1HEL,3.9662598653098113,0.9177061205626512
fullbackbone,0.1,1IGD,3.432433192667684,0.7941902589096961
fullbackbone,0.1,1IGD,3.4253478892983464,0.7925508740764039
fullbackbone,0.1,1IGD,3.5896071614961342,0.8305568909724506
fullbackbone,0.1,1IGD,3.5622761540779604,0.8242330913121774
fullbackbone,0.1,1IGD,3.429731601907348,0.7935651696668806
fullbackbone,0.1,1IGD,3.4294663968224786,0.7935038069882226
fullbackbone,0.1,1IGD,3.7176296437036194,0.8601785041498955
fullbackbone,0.1,1IGD,3.5184186434518905,0.8140854188698822
fullbackbone,0.1,1LZ1,3.9460680627529086,0.9130341773665603
fullbackbone,0.1,1LZ1,3.9305274003210866,0.9094384066617665
fullbackbone,0.1,1LZ1,4.030469532568119,0.932562838640461
fullbackbone,0.1,1LZ1,4.045011690191998,0.9359275770869618
fullbackbone,0.1,1LZ1,3.9920234391463945,0.9236672502415693
fullbackbone,0.1,1LZ1,4.007478072645444,0.9272431157256183
fullbackbone,0.1,1LZ1,3.87748999671772,0.8971667069853865
fullbackbone,0.1,1LZ1,4.0531973667402985,0.9378215643002114
fullbackbone,0.1,1MBN,3.7037631751642714,0.8569701054364252
fullbackbone,0.1,1MBN,3.588475197389717,0.8302949791401467
fullbackbone,0.1,1MBN,3.574670169612054,0.8271007964803303
fullbackbone,0.1,1MBN,3.453629204130578,0.7990945541680943
fullbackbone,0.1,1MBN,3.6459296208781447,0.8435886809850233
fullbackbone,0.1,1MBN,3.6898877189325012,0.8537596271667418
fullbackbone,0.1,1MBN,3.5391586425406656,0.818884202799978
fullbackbone,0.1,1MBN,3.630956553334189,0.8401242393711824
fullbackbone,0.1,1PIN,3.913099884124476,0.9054060591043819
fullbackbone,0.1,1PIN,3.9300893370244023,0.9093370483589287
fullbackbone,0.1,1PIN,3.966719767810517,0.9178125319814922
fullbackbone,0.1,1PIN,3.813676171701307,0.8824015781781993
fullbackbone,0.1,1PIN,3.9642118654076683,0.917232258004742
fullbackbone,0.1,1PIN,3.7856887085764113,0.8759258889694863
fullbackbone,0.1,1PIN,3.839855833751513,0.8884589816045023
fullbackbone,0.1,1PIN,3.931687441734352,0.909706814971159
fullbackbone,0.1,1R69,3.6965205503403546,0.8552943198460808
fullbackbone,0.1,1R69,3.566002241652252,0.8250952267971938
fullbackbone,0.1,1R69,3.633028486848291,0.8406036396454611
fullbackbone,0.1,1R69,3.529457156366724,0.8166394902640572
fullbackbone,0.1,1R69,3.724131718705087,0.8616829426455658
fullbackbone,0.1,1R69,3.318594019948981,0.7678503545384574
fullbackbone,0.1,1R69,3.3871151807570685,0.7837046582898651
fullbackbone,0.1,1R69,3.6622248214052435,0.8473590353660634
fullbackbone,0.1,1RIS,3.4620632810949514,0.8010460158257628
fullbackbone,0.1,1RIS,3.429254656155144,0.7934548148109615
fullbackbone,0.1,1RIS,3.355693181114823,0.7764342921587358
fullbackbone,0.1,1RIS,3.307373054780543,0.7652540676678563
fullbackbone,0.1,1RIS,3.2512621400282553,0.7522712244737124
fullbackbone,0.1,1RIS,3.4363671861178684,0.7951004992847819
fullbackbone,0.1,1RIS,3.384349794463077,0.7830648081504649
fullbackbone,0.1,1RIS,3.7047036089955023,0.8571877013358904
fullbackbone,0.1,1SHG,3.7074261485371833,0.8578176376703013
fullbackbone,0.1,1SHG,3.814722252065488,0.882643618383685
fullbackbone,0.1,1SHG,3.5190248314992894,0.8142256775771282
fullbackbone,0.1,1SHG,3.7567754291039717,0.8692359860285644
fullbackbone,0.1,1SHG,3.660112709729815,0.8468703387406089
fullbackbone,0.1,1SHG,3.73135131277593,0.8633533994214163
fullbackbone,0.1,1SHG,3.503295060407364,0.8105861512484664
fullbackbone,0.1,1SHG,3.644711998175822,0.8433069496198571
fullbackbone,0.1,1STN,3.6672045465305003,0.848511235267572
fullbackbone,0.1,1STN,3.5220471076978868,0.8149249664436349
fullbackbone,0.1,1STN,3.644534875735102,0.8432659673460128
fullbackbone,0.1,1STN,3.680753320672887,0.8516461264191426
fullbackbone,0.1,1STN,3.6310949966956794,0.8401562721487879
fullbackbone,0.1,1STN,3.630346667217384,0.8399831250112451
fullbackbone,0.1,1STN,3.5953641994613212,0.8318889441299284
fullbackbone,0.1,1STN,3.6415442121036015,0.8425739929387943
fullbackbone,0.1,1TIM,3.837234724484865,0.8878525140258888
fullbackbone,0.1,1TIM,3.8538148486763335,0.8916887935352776
fullbackbone,0.1,1TIM,3.8220868826251007,0.8843476334431499
fullbackbone,0.1,1TIM,3.802919185468669,0.8799126459247074
fullbackbone,0.1,1TIM,3.8630494130672046,0.8938254705433462
fullbackbone,0.1,1TIM,3.835133350692965,0.8873663019127381
fullbackbone,0.1,1TIM,3.9015011458312236,0.9027223637631815
fullbackbone,0.1,1TIM,3.774247596728251,0.873278664953498
fullbackbone,0.1,1TUP,3.9921384455715203,0.9236938602227168
fullbackbone,0.1,1TUP,3.977014581056932,0.9201945274752611
fullbackbone,0.1,1TUP,3.9066546197142604,0.903914765341804
fullbackbone,0.1,1TUP,3.9871338785095434,0.9225359124382784
fullbackbone,0.1,1TUP,3.965050489406075,0.9174262973270062
fullbackbone,0.1,1TUP,4.0196590028968116,0.9300615176018034
fullbackbone,0.1,1TUP,3.954814772217295,0.9150579753734576
fullbackbone,0.1,1TUP,3.8739669964704855,0.8963515614832199
fullbackbone,0.1,1UBI,3.6304817522384787,0.8400143807420507
fullbackbone,0.1,1UBI,3.5626245041757088,0.8243136919353484
fullbackbone,0.1,1UBI,3.5471754519093097,0.8207391178269373
fullbackbone,0.1,1UBI,3.572310926845748,0.8265549191046523
fullbackbone,0.1,1UBI,3.594803939084235,0.831759312084974
fullbackbone,0.1,1UBI,3.4327724311743797,0.7942687513092103
fullbackbone,0.1,1UBI,3.647381457426871,0.8439246043314675
fullbackbone,0.1,1UBI,3.443355512278642,0.7967174457048394
fullbackbone,0.1,1UBQ,3.3565367644959245,0.7766294789741064
fullbackbone,0.1,1UBQ,3.597849338680665,0.8324639512019534
fullbackbone,0.1,1UBQ,3.493229096940641,0.8082571066078047
fullbackbone,0.1,1UBQ,3.3390258280165592,0.7725778297807567
fullbackbone,0.1,1UBQ,3.5081644319728453,0.8117128177404984
fullbackbone,0.1,1UBQ,3.635595137314775,0.8411975066442019
fullbackbone,0.1,1UBQ,3.5493460060613367,0.8212413367681998
fullbackbone,0.1,1UBQ,3.385893046626091,0.783421883078398
fullbackbone,0.1,1VII,3.1287043499044227,0.7239140219860513
fullbackbone,0.1,1VII,3.3910611120726517,0.784617660826916
fullbackbone,0.1,1VII,3.279950000961541,0.7589089704758317
fullbackbone,0.1,1VII,3.0923142370125554,0.715494142688449
fullbackbone,0.1,1VII,3.1898079871327485,0.7380520723855034
fullbackbone,0.1,1VII,3.099665973303956,0.7171951742951751
fullbackbone,0.1,1VII,2.883302492789515,0.6671333787807173
fullbackbone,0.1,1VII,3.1167749181580073,0.7211538113845544
fullbackbone,0.1,2ACY,3.7071653659802783,0.8577572982682614
fullbackbone,0.1,2ACY,3.537172552539597,0.8184246648443563
fullbackbone,0.1,2ACY,3.721730251613821,0.8611272954810267
fullbackbone,0.1,2ACY,3.647404669141921,0.8439299750166201
fullbackbone,0.1,2ACY,3.725022945457023,0.861889153098949
fullbackbone,0.1,2ACY,3.6860230270612733,0.852865421667164
fullbackbone,0.1,2ACY,3.8151943351295734,0.882752848119516
fullbackbone,0.1,2ACY,3.796545046035516,0.8784378089322332
fullbackbone,0.1,2CI2,3.561626708060752,0.824082823653172
fullbackbone,0.1,2CI2,3.5838550686462334,0.8292259820069114
fullbackbone,0.1,2CI2,3.681338863128994,0.8517816081863658
fullbackbone,0.1,2CI2,3.6276975182363365,0.8393701696536163
fullbackbone,0.1,2CI2,3.6344236298432024,0.8409264453387261
fullbackbone,0.1,2CI2,3.62977135475863,0.83985001024253
fullbackbone,0.1,2CI2,3.4862944472570634,0.8066525797551295
fullbackbone,0.1,2CI2,3.515815846080945,0.8134831882649759
fullbackbone,0.1,2CRO,3.7926300744609343,0.8775319698047352
fullbackbone,0.1,2CRO,3.516390580812377,0.8136161693601756
fullbackbone,0.1,2CRO,3.409133810292537,0.7887992894480085
fullbackbone,0.1,2CRO,3.687839624155819,0.8532857426569311
fullbackbone,0.1,2CRO,3.701612428908724,0.8564724696108565
fullbackbone,0.1,2CRO,3.787334930569323,0.8763067888726704
fullbackbone,0.1,2CRO,3.6944256995338187,0.8548096170096282
fullbackbone,0.1,2CRO,3.6595425230853715,0.8467384099736499
fullbackbone,0.1,2GB1,3.591872488604834,0.8310810383110838
fullbackbone,0.1,2GB1,3.19953571263383,0.7403028561300523
fullbackbone,0.1,2GB1,3.066570217497532,0.709537537453513
fullbackbone,0.1,2GB1,3.1299949329165844,0.7242126347773395
fullbackbone,0.1,2GB1,3.1702717658470334,0.733531816412521
fullbackbone,0.1,2GB1,3.096525236828597,0.7164684763015008
fullbackbone,0.1,2GB1,3.307607240227502,0.7653082530781217
fullbackbone,0.1,2GB1,3.321634217128356,0.7685537899294745
fullbackbone,0.1,2LZM,3.8544036661848433,0.8918250330782739
fullbackbone,0.1,2LZM,3.8001748820893946,0.8792776739124426
fullbackbone,0.1,2LZM,3.842385489396858,0.8890442888076316
fullbackbone,0.1,2LZM,3.7975004347975414,0.8786588650768636
fullbackbone,0.1,2LZM,3.8234223747136777,0.8846566372162938
fullbackbone,0.1,2LZM,3.850400301827964,0.8908987417867517
fullbackbone,0.1,2LZM,3.8582362991416144,0.8927118208435088
fullbackbone,0.1,2LZM,3.8309329192650527,0.8863944135944478
fullbackbone,0.1,2PCY,3.969412179732006,0.9184354974409763
fullbackbone,0.1,2PCY,3.876554181010618,0.8969501796192304
fullbackbone,0.1,2PCY,3.806089900516448,0.8806462803069013
fullbackbone,0.1,2PCY,3.98337991950535,0.9216673281116131
fullbackbone,0.1,2PCY,3.9185056824675346,0.9066568430657007
fullbackbone,0.1,2PCY,3.9523673256489387,0.9144916895596674
fullbackbone,0.1,2PCY,3.965751136605583,0.9175884118240837
fullbackbone,0.1,2PCY,3.9792459162493685,0.9207108098250475
fullbackbone,0.1,2PTL,3.6887706728905867,0.8535011670495464
fullbackbone,0.1,2PTL,3.2528357389688973,0.7526353209848282
fullbackbone,0.1,2PTL,3.71680689612497,0.8599881382852661
fullbackbone,0.1,2PTL,3.4824919431565817,0.8057727631508275
fullbackbone,0.1,2PTL,3.3762615480462186,0.7811933641469364
fullbackbone,0.1,2PTL,3.285488272899347,0.7601904059407941
fullbackbone,0.1,2PTL,3.572007702971101,0.826484759706349
fullbackbone,0.1,2PTL,3.7044024799274275,0.8571180266301888
fullbackbone,0.1,3CHY,3.507976168055493,0.8116692575716989
fullbackbone,0.1,3CHY,3.682924756843109,0.852148549440199
fullbackbone,0.1,3CHY,3.639562147888836,0.842115386462414
fullbackbone,0.1,3CHY,3.6329367406018362,0.8405824115628924
fullbackbone,0.1,3CHY,3.6991630961122164,0.855905747364967
fullbackbone,0.1,3CHY,3.69515554439682,0.8549784872099133
fullbackbone,0.1,3CHY,3.7023042174437903,0.8566325344059846
fullbackbone,0.1,3CHY,3.6288403099321616,0.8396345867542102
fullbackbone,0.1,3PGK,3.2448093199748955,0.7507781824999246
fullbackbone,0.1,3PGK,3.392130666611291,0.7848651324449432
fullbackbone,0.1,3PGK,3.3621097843577994,0.7779189543516508
fullbackbone,0.1,3PGK,3.1144433103844262,0.7206143281441137
fullbackbone,0.1,3PGK,3.467468224025403,0.8022966018632411
fullbackbone,0.1,3PGK,3.0900098796506192,0.7149609645995627
fullbackbone,0.1,3PGK,3.261569126293123,0.7546560365387396
fullbackbone,0.1,3PGK,3.2636423276936393,0.7551357301743115
fullbackbone,0.1,4HHB,3.8739438414879817,0.8963462039247425
fullbackbone,0.1,4HHB,3.8403911059673197,0.8885828319333497
fullbackbone,0.1,4HHB,3.861547838261713,0.8934780388479259
fullbackbone,0.1,4HHB,3.892968021334598,0.9007479846644825
fullbackbone,0.1,4HHB,3.8934588637278154,0.9008615549003681
fullbackbone,0.1,4HHB,3.9282679146352693,0.9089156109011219
fullbackbone,0.1,4HHB,3.9097632364184416,0.904634031520216
fullbackbone,0.1,4HHB,3.832813533429864,0.8868295467395447
fullbackbone,0.2,1AKI,3.9832204981555974,0.9216304414845679
fullbackbone,0.2,1AKI,3.894289958385674,0.9010538520972701
fullbackbone,0.2,1AKI,3.888775995111004,0.8997780411273485
fullbackbone,0.2,1AKI,3.96695717892642,0.9178674637412741
fullbackbone,0.2,1AKI,3.91820066826881,0.9065862694254115
fullbackbone,0.2,1AKI,4.0159742735033745,0.9292089514987727
fullbackbone,0.2,1AKI,4.027021602014393,0.9317650626298412
fullbackbone,0.2,1AKI,3.936319232376676,0.91077851041371
fullbackbone,0.2,1BPI,3.7880652632601373,0.8764757719456833
fullbackbone,0.2,1BPI,3.742408160571751,0.8659117131075929
fullbackbone,0.2,1BPI,3.904528840883645,0.9034229064344034
fullbackbone,0.2,1BPI,3.6744430138500856,0.850186058901993
fullbackbone,0.2,1BPI,3.573161927972031,0.8267518222246486
fullbackbone,0.2,1BPI,3.600263740048411,0.833022591076273
fullbackbone,0.2,1BPI,3.556257617776408,0.822840533136887
fullbackbone,0.2,1BPI,3.6530228666918476,0.8452299035269007
fullbackbone,0.2,1CRN,3.5366034687470638,0.8182929912533018
fullbackbone,0.2,1CRN,3.4797952502234293,0.8051488071585141
fullbackbone,0.2,1CRN,3.348450815876333,0.7747585666308037
fullbackbone,0.2,1CRN,3.460652108457424,0.8007195012224319
fullbackbone,0.2,1CRN,3.520192870873945,0.8144959364405362
fullbackbone,0.2,1CRN,3.468228533361701,0.8024725208789225
fullbackbone,0.2,1CRN,3.3520333601454757,0.7755874893223637
fullbackbone,0.2,1CRN,3.404349382661567,0.7876922771317626
fullbackbone,0.2,1CSP,3.5681427344912082,0.8255904902055528
fullbackbone,0.2,1CSP,3.716209572603682,0.8598499306362322
fullbackbone,0.2,1CSP,3.81037748975466,0.8816383350436017
fullbackbone,0.2,1CSP,3.545734746346056,0.8204057699480223
fullbackbone,0.2,1CSP,3.3308894745446174,0.7706952548527827
fullbackbone,0.2,1CSP,3.5289860979666168,0.8165304976131466
fullbackbone,0.2,1CSP,3.758360210716627,0.869602669966349
fullbackbone,0.2,1CSP,3.802091570919678,0.8797211539491768
fullbackbone,0.2,1ENH,3.115050681613309,0.7207548606137772
fullbackbone,0.2,1ENH,3.3289695516928157,0.7702510265339282
fullbackbone,0.2,1ENH,3.3268040496277,0.7697499765355079
fullbackbone,0.2,1ENH,3.3707195691226532,0.7799110709662328
fullbackbone,0.2,1ENH,3.549450762722713,0.8212655751773257
fullbackbone,0.2,1ENH,3.348628052948257,0.7747995754278111
fullbackbone,0.2,1ENH,3.4285656647503737,0.7932953972108433
fullbackbone,0.2,1ENH,3.381593006528046,0.7824269474839971
fullbackbone,0.2,1FKB,3.649968278788474,0.8445231384358788
fullbackbone,0.2,1FKB,3.7876019812832644,0.8763685785896853
fullbackbone,0.2,1FKB,3.618027112869771,0.8371326485393699
fullbackbone,0.2,1FKB,3.714858742819704,0.8595373780545323
fullbackbone,0.2,1FKB,3.8065991538783477,0.8807641104398232
fullbackbone,0.2,1FKB,3.723499933752967,0.8615367613722431
fullbackbone,0.2,1FKB,3.664468853337862,0.847878255464906
fullbackbone,0.2,1FKB,3.7842660439486266,0.8755967153699838
fullbackbone,0.2,1HEL,3.9148140237301163,0.9058026736634414
fullbackbone,0.2,1HEL,3.8644828529321127,0.8941571372979605
fullbackbone,0.2,1HEL,3.9147047771945145,0.9057773963952399
fullbackbone,0.2,1HEL,3.8213384377815065,0.8841744596125904
fullbackbone,0.2,1HEL,3.9204324909244375,0.90710266456356
fullbackbone,0.2,1HEL,3.8684386684425167,0.8950724268223476
fullbackbone,0.2,1HEL,3.8965444633655846,0.9015754954310816
fullbackbone,0.2,1HEL,4.016371888210734,0.9293009508792875
fullbackbone,0.2,1IGD,3.443927286063638,0.7968497417015433
fullbackbone,0.2,1IGD,3.6874227491750946,0.8531892868687802
fullbackbone,0.2,1IGD,3.499265616992367,0.809653825831076
fullbackbone,0.2,1IGD,3.5512055286977917,0.8216715897931529
fullbackbone,0.2,1IGD,3.125187586532838,0.7231003195610283
fullbackbone,0.2,1IGD,3.5628237636085287,0.8243597962268695
fullbackbone,0.2,1IGD,3.6524793412276013,0.8451041435761767
fullbackbone,0.2,1IGD,3.5230648549298005,0.8151604509796033
fullbackbone,0.2,1LZ1,3.9401663857600604,0.9116686578893091
fullbackbone,0.2,1LZ1,3.8815776930102395,0.8981125108494894
fullbackbone,0.2,1LZ1,4.064319694805368,0.9403950286940838
fullbackbone,0.2,1LZ1,4.05909050733911,0.9391851086418634
fullbackbone,0.2,1LZ1,3.894165640677818,0.9010250876881623
fullbackbone,0.2,1LZ1,3.98348784806239,0.92169230042829
fullbackbone,0.2,1LZ1,3.988153489075708,0.9227718281091963
fullbackbone,0.2,1LZ1,4.025821847391695,0.9314874655490111
fullbackbone,0.2,1MBN,3.6286106449944593,0.8395814472912991
fullbackbone,0.2,1MBN,3.559278462782219,0.8235394908565642
fullbackbone,0.2,1MBN,3.5907777137618546,0.830827731264103
fullbackbone,0.2,1MBN,3.4284220005619543,0.7932621564476318
fullbackbone,0.2,1MBN,3.626898184447136,0.8391852212297529
fullbackbone,0.2,1MBN,3.6103177260788852,0.8353488643991372
fullbackbone,0.2,1MBN,3.580491262027052,0.8284476704419503
fullbackbone,0.2,1MBN,3.440034280970312,0.7959489851392277
fullbackbone,0.2,1PIN,3.8778663958309467,0.8972537975396397
fullbackbone,0.2,1PIN,3.9328542604045387,0.9099767913901483
fullbackbone,0.2,1PIN,3.9484609298691757,0.913587834684251
fullbackbone,0.2,1PIN,3.845111236037268,0.8896749671948161
fullbackbone,0.2,1PIN,3.919962171132778,0.9069938428105523
fullbackbone,0.2,1PIN,3.8786528704668304,0.897435770635586
fullbackbone,0.2,1PIN,3.7875839147176276,0.8763643983800102
fullbackbone,0.2,1PIN,3.8685261168087264,0.8950926604690649
fullbackbone,0.2,1R69,3.66938553534755,0.8490158685629824
fullbackbone,0.2,1R69,3.678708495714602,0.8511729984740701
fullbackbone,0.2,1R69,3.810303639451956,0.8816212476925208
fullbackbone,0.2,1R69,3.555417029754021,0.8226460393822637
fullbackbone,0.2,1R69,3.6709271465769344,0.8493725638146243
fullbackbone,0.2,1R69,3.2616201412458046,0.7546678402873356
fullbackbone,0.2,1R69,3.4778351301264503,0.8046952780728965
fullbackbone,0.2,1R69,3.739694416980422,0.8652838119644573
fullbackbone,0.2,1RIS,3.455166100528853,0.7994501585105388
fullbackbone,0.2,1RIS,3.48324980889785,0.8059481167718571
fullbackbone,0.2,1RIS,3.4160577086377772,0.79040132867523
fullbackbone,0.2,1RIS,3.3407236210174434,0.7729706620916165
fullbackbone,0.2,1RIS,3.4941209755362337,0.8084634678836083
fullbackbone,0.2,1RIS,3.4892741815754142,0.8073420253574004
fullbackbone,0.2,1RIS,3.5219428201793708,0.8149008365839457
fullbackbone,0.2,1RIS,3.611956573713548,0.8357280580364866
fullbackbone,0.2,1SHG,3.610310244093503,0.8353471332307286
fullbackbone,0.2,1SHG,3.8760163322992325,0.8968257331454397
fullbackbone,0.2,1SHG,3.4646541409268856,0.8016454843442232
fullbackbone,0.2,1SHG,3.7767433566903907,0.8738561294340136
fullbackbone,0.2,1SHG,3.610310244093502,0.8353471332307284
fullbackbone,0.2,1SHG,3.5967827877366516,0.8322171745502838
fullbackbone,0.2,1SHG,3.475411650612625,0.8041345377133583
fullbackbone,0.2,1SHG,3.5659600621692946,0.8250854673837951
fullbackbone,0.2,1STN,3.6863228587876726,0.8529347961962669
fullbackbone,0.2,1STN,3.558467107681029,0.8233517609630128
fullbackbone,0.2,1STN,3.628930313313987,0.8396554115758753
fullbackbone,0.2,1STN,3.671221006366317,0.8494405565676112
fullbackbone,0.2,1STN,3.7029256162659494,0.8567763125551154
fullbackbone,0.2,1STN,3.6532496035873168,0.8452823655046319
fullbackbone,0.2,1STN,3.704761415945223,0.857201076604625
fullbackbone,0.2,1STN,3.6352059618644326,0.841107459923896
fullbackbone,0.2,1TIM,3.819459004975653,0.8837395998082183
fullbackbone,0.2,1TIM,3.8430473450211804,0.8891974277793572
fullbackbone,0.2,1TIM,3.802294221760168,0.8797680429385447
fullbackbone,0.2,1TIM,3.7552149623047937,0.8688749280088756
fullbackbone,0.2,1TIM,3.805303980107223,0.880464435446929
fullbackbone,0.2,1TIM,3.786649272999348,0.8761481426492902
fullbackbone,0.2,1TIM,3.874901487153411,0.8965677822676497
fullbackbone,0.2,1TIM,3.804632455523287,0.880309059288605
fullbackbone,0.2,1TUP,3.963358369164591,0.9170347775690801
fullbackbone,0.2,1TUP,3.978698609863614,0.9205841750514607
fullbackbone,0.2,1TUP,3.9332347268410324,0.9100648230343915
fullbackbone,0.2,1TUP,3.983326334545868,0.921654929719436
fullbackbone,0.2,1TUP,4.053015128664393,0.9377793983798387
fullbackbone,0.2,1TUP,3.990554900978524,0.9233274625043306
fullbackbone,0.2,1TUP,3.9737638781860385,0.9194423856534805
fullbackbone,0.2,1TUP,3.9532996733509225,0.914707414504996
fullbackbone,0.2,1UBI,3.709732148012102,0.8583511957083554
fullbackbone,0.2,1UBI,3.640908204065848,0.8424268345354636
fullbackbone,0.2,1UBI,3.645910808806427,0.8435843282814833
fullbackbone,0.2,1UBI,3.4251417877466985,0.7925031866676542
fullbackbone,0.2,1UBI,3.750510165941405,0.8677863406330341
fullbackbone,0.2,1UBI,3.3471346171896177,0.7744540269305082
fullbackbone,0.2,1UBI,3.6890130813925133,0.8535572550955769
fullbackbone,0.2,1UBI,3.4131813278298004,0.7897357968235134
fullbackbone,0.2,1UBQ,3.198424913100309,0.7400458413188075
fullbackbone,0.2,1UBQ,3.5391864768147134,0.8188906430445718
fullbackbone,0.2,1UBQ,3.708418128668551,0.8580471602605871
fullbackbone,0.2,1UBQ,3.2600621271273913,0.7543073497645394
fullbackbone,0.2,1UBQ,3.3845244179482115,0.7831052122204311
fullbackbone,0.2,1UBQ,3.564145194546963,0.8246655465562185
fullbackbone,0.2,1UBQ,3.4728499191231976,0.8035418088587396
fullbackbone,0.2,1UBQ,3.4006967872486453,0.7868471461317252
fullbackbone,0.2,1VII,3.242589501851919,0.7502645649490906
fullbackbone,0.2,1VII,3.3355055565170963,0.7717633156513738
fullbackbone,0.2,1VII,3.0017653401920263,0.6945431007385277
fullbackbone,0.2,1VII,3.027274226170999,0.7004453011960384
fullbackbone,0.2,1VII,3.0256625181114587,0.7000723870650868
fullbackbone,0.2,1VII,3.0226965307159843,0.6993861222012675
fullbackbone,0.2,1VII,2.7767311703750583,0.6424750966263878
fullbackbone,0.2,1VII,2.919381945646371,0.6754813781145185
fullbackbone,0.2,2ACY,3.7096590026165406,0.8583342714574295
fullbackbone,0.2,2ACY,3.8442958810694283,0.8894863118192663
fullbackbone,0.2,2ACY,3.763874242000867,0.8708784966722035
fullbackbone,0.2,2ACY,3.7491787815719104,0.8674782872965916
fullbackbone,0.2,2ACY,3.7450638320463896,0.866526177628134
fullbackbone,0.2,2ACY,3.633395544407291,0.8406885687675894
fullbackbone,0.2,2ACY,3.6844577134099468,0.8525032421914854
fullbackbone,0.2,2ACY,3.8032864782853912,0.879997629480347
fullbackbone,0.2,2CI2,3.6526865684230954,0.8451520914343882
fullbackbone,0.2,2CI2,3.606478297997705,0.8344605043901584
fullbackbone,0.2,2CI2,3.7092841949744906,0.8582475491349333
fullbackbone,0.2,2CI2,3.652289159977513,0.8450601397783547
fullbackbone,0.2,2CI2,3.6669013103258217,0.8484410730163682
fullbackbone,0.2,2CI2,3.7359159458725886,0.8644095560710511
fullbackbone,0.2,2CI2,3.430157438473709,0.7936636989707032
fullbackbone,0.2,2CI2,3.4564575299282736,0.7997489671373987
fullbackbone,0.2,2CRO,3.79834704572095,0.8788547523995635
fullbackbone,0.2,2CRO,3.566630752370276,0.8252406504840819
fullbackbone,0.2,2CRO,3.596175685386072,0.8320767042932016
fullbackbone,0.2,2CRO,3.764751376348392,0.8710814464502349
fullbackbone,0.2,2CRO,3.5297659771196987,0.8167109446580673
fullbackbone,0.2,2CRO,3.537109353546394,0.8184100419742355
fullbackbone,0.2,2CRO,3.7227228006042674,0.8613569496929098
fullbackbone,0.2,2CRO,3.537109353546393,0.8184100419742353
fullbackbone,0.2,2GB1,3.4031577551144787,0.7874165604791653
fullbackbone,0.2,2GB1,3.095384659045245,0.7162045714520192
fullbackbone,0.2,2GB1,3.1665327483647907,0.7326666892285065
fullbackbone,0.2,2GB1,2.957932932498732,0.6844012365679631
fullbackbone,0.2,2GB1,3.0237807462245407,0.6996369860483174
fullbackbone,0.2,2GB1,3.0914057567858872,0.7152839401569115
fullbackbone,0.2,2GB1,3.298259487597921,0.7631453867776298
fullbackbone,0.2,2GB1,3.406742632546639,0.7882460230138153
fullbackbone,0.2,2LZM,3.825905092180312,0.8852310839475043
fullbackbone,0.2,2LZM,3.730932449494019,0.8632564835836896
fullbackbone,0.2,2LZM,3.8394858479165195,0.8883733749431071
fullbackbone,0.2,2LZM,3.862595734178495,0.8937204991327282
fullbackbone,0.2,2LZM,3.7920761758760992,0.8774038097399045
fullbackbone,0.2,2LZM,3.8393346738939855,0.888338396567897
fullbackbone,0.2,2LZM,3.795774304026155,0.8782594760233002
fullbackbone,0.2,2LZM,3.8019471043977493,0.8796877275434716
fullbackbone,0.2,2PCY,3.6113590407678173,0.8355898019311994
fullbackbone,0.2,2PCY,3.8429873661498237,0.8891835499752754
fullbackbone,0.2,2PCY,3.77486048879921,0.8734204748257363
fullbackbone,0.2,2PCY,3.9499164758450083,0.913924616311311
fullbackbone,0.2,2PCY,3.845985875722258,0.8898773397622877
fullbackbone,0.2,2PCY,3.861216738110299,0.8934014294865147
fullbackbone,0.2,2PCY,3.7830700232753056,0.8753199822436887
fullbackbone,0.2,2PCY,4.003321744097296,0.9262814318528431
fullbackbone,0.2,2PTL,3.5436594433147937,0.8199255900408838
fullbackbone,0.2,2PTL,3.3696937225847305,0.7796737124273121
fullbackbone,0.2,2PTL,3.5046823440679433,0.810907138462997
fullbackbone,0.2,2PTL,3.4381035752600897,0.7955022619018591
fullbackbone,0.2,2PTL,3.1642539555784692,0.7321394262254461
fullbackbone,0.2,2PTL,3.2945946775088135,0.7622974295676422
fullbackbone,0.2,2PTL,3.700323021283703,0.8561741287785446
fullbackbone,0.2,2PTL,3.5027384791494356,0.8104573704715288
fullbackbone,0.2,3CHY,3.7280898283143356,0.8625987629744443
fullbackbone,0.2,3CHY,3.661371413546119,0.8471615753805226
fullbackbone,0.2,3CHY,3.641431988966661,0.8425480269498938
fullbackbone,0.2,3CHY,3.8134883246075084,0.8823581144532889
fullbackbone,0.2,3CHY,3.628985482685684,0.8396681765665197
fullbackbone,0.2,3CHY,3.7365392791083987,0.8645537818013559
fullbackbone,0.2,3CHY,3.6300309157641735,0.8399100670041987
fullbackbone,0.2,3CHY,3.6983813360319386,0.8557248651144728
fullbackbone,0.2,3PGK,3.2716712146141127,0.7569934396836323
fullbackbone,0.2,3PGK,3.324884955650493,0.7693059400001762
fullbackbone,0.2,3PGK,3.41058230036017,0.7891344384916371
fullbackbone,0.2,3PGK,3.1635125182426274,0.7319678737795091
fullbackbone,0.2,3PGK,3.358844571155454,0.7771634551553065
fullbackbone,0.2,3PGK,3.1475823305535866,0.7282819754167192
fullbackbone,0.2,3PGK,3.175084244981518,0.7346453192355267
fullbackbone,0.2,3PGK,3.2590440673660783,0.754071792916077
fullbackbone,0.2,4HHB,3.9060821226450098,0.9037823019928816
fullbackbone,0.2,4HHB,3.8371738371643347,0.8878384260264605
fullbackbone,0.2,4HHB,3.8485330232206296,0.8904666941991152
fullbackbone,0.2,4HHB,3.8408414856671182,0.8886870399835325
fullbackbone,0.2,4HHB,3.8981257383685888,0.901941368015791
fullbackbone,0.2,4HHB,3.8736880679081627,0.8962870234908705
fullbackbone,0.2,4HHB,3.861393667922312,0.893442367190273
fullbackbone,0.2,4HHB,3.7940327248305215,0.8778565125409382
fullbackbone,0.3,1AKI,4.024627881189307,0.9312112077825293
fullbackbone,0.3,1AKI,3.8824087411890034,0.8983047972921414
fullbackbone,0.3,1AKI,3.8853468085155876,0.8989846020603096
fullbackbone,0.3,1AKI,4.002783673893,0.9261569341304184
fullbackbone,0.3,1AKI,3.911758498934576,0.9050956917959839
fullbackbone,0.3,1AKI,3.895074401013497,0.9012353550308221
fullbackbone,0.3,1AKI,3.9987914464958445,0.9252332196887372
fullbackbone,0.3,1AKI,3.801669882682366,0.879623584478317
fullbackbone,0.3,1BPI,3.5748837464222016,0.8271502135010346
fullbackbone,0.3,1BPI,3.632303232288476,0.8404358315413252
fullbackbone,0.3,1BPI,3.773328143048528,0.8730659234040005
fullbackbone,0.3,1BPI,3.5806400870755506,0.8284821053157453
fullbackbone,0.3,1BPI,3.5460118146858655,0.8204698775254106
fullbackbone,0.3,1BPI,3.6406817031598524,0.8423744271605553
fullbackbone,0.3,1BPI,3.4563749642508994,0.7997298632384996
fullbackbone,0.3,1BPI,3.6972342273266747,0.8554594491519488
fullbackbone,0.3,1CRN,3.568922760443209,0.8257709712165449
fullbackbone,0.3,1CRN,3.570334316231702,0.8260975744726617
fullbackbone,0.3,1CRN,3.422579284011486,0.7919102791321855
fullbackbone,0.3,1CRN,3.3870255443723627,0.7836839183833378
fullbackbone,0.3,1CRN,3.5284654884305495,0.8164100399089375
fullbackbone,0.3,1CRN,3.5910868910661193,0.8308992681563134
fullbackbone,0.3,1CRN,3.5768472816736505,0.827604532778991
fullbackbone,0.3,1CRN,3.5107971424928666,0.8123219695963878
fullbackbone,0.3,1CSP,3.3304114915295866,0.7705846599968441
fullbackbone,0.3,1CSP,3.7361062016022277,0.8644535771018184
fullbackbone,0.3,1CSP,3.5499193658176353,0.8213739997241098
fullbackbone,0.3,1CSP,3.1897236251953474,0.7380325528711689
fullbackbone,0.3,1CSP,3.3072733670371632,0.7652310020959191
fullbackbone,0.3,1CSP,3.54543196849327,0.8203357137494603
fullbackbone,0.3,1CSP,3.380189981827901,0.7821023181358585
fullbackbone,0.3,1CSP,3.719856123093903,0.8606936629728564
fullbackbone,0.3,1ENH,3.036712975518041,0.7026292221544198
fullbackbone,0.3,1ENH,3.2677807887598,0.7560932799010309
fullbackbone,0.3,1ENH,3.333254984191094,0.7712425822479966
fullbackbone,0.3,1ENH,3.4121218664275026,0.789490660537338
fullbackbone,0.3,1ENH,3.228139117654737,0.7469210608740746
fullbackbone,0.3,1ENH,3.326026104088071,0.769569976886613
fullbackbone,0.3,1ENH,3.161803484817365,0.7315724406793416
fullbackbone,0.3,1ENH,3.2852903459358536,0.7601446099536449
fullbackbone,0.3,1FKB,3.696042612204248,0.8551837353741476
fullbackbone,0.3,1FKB,3.770686812137787,0.8724547769775096
fullbackbone,0.3,1FKB,3.76826835768597,0.87189519930784
fullbackbone,0.3,1FKB,3.6619423924496304,0.847293687458969
fullbackbone,0.3,1FKB,3.7491568587145228,0.8674732148250219
fullbackbone,0.3,1FKB,3.7038231963423494,0.8569839930293606
fullbackbone,0.3,1FKB,3.6967025874642623,0.8553364392705393
fullbackbone,0.3,1FKB,3.8202345155537256,0.8839190360600592
fullbackbone,0.3,1HEL,3.788365656427846,0.8765452763800731
fullbackbone,0.3,1HEL,3.902931813783432,0.9030533891575884
fullbackbone,0.3,1HEL,3.947259183418775,0.9133097767378863
fullbackbone,0.3,1HEL,3.7412250397102955,0.8656379647167172
fullbackbone,0.3,1HEL,4.010879482897927,0.9280301279520612
fullbackbone,0.3,1HEL,3.8681248335818195,0.8949998122730521
fullbackbone,0.3,1HEL,3.9050364441099212,0.9035403547618933
fullbackbone,0.3,1HEL,4.003266869161979,0.926268734988362
fullbackbone,0.3,1IGD,3.4348263588186594,0.7947439854175031
fullbackbone,0.3,1IGD,3.605513529136576,0.8342372778949582
fullbackbone,0.3,1IGD,3.4042445706063873,0.7876680259057175
fullbackbone,0.3,1IGD,3.756649282396799,0.8692067984288628
fullbackbone,0.3,1IGD,3.2732150383281065,0.7573506468560098
fullbackbone,0.3,1IGD,3.517421545741874,0.8138547121833929
fullbackbone,0.3,1IGD,3.75992356010532,0.8699643949544492
fullbackbone,0.3,1IGD,3.342839962147982,0.773460337320837
fullbackbone,0.3,1LZ1,4.05339487842631,0.9378672642011989
fullbackbone,0.3,1LZ1,3.847132869977712,0.890142729243619
fullbackbone,0.3,1LZ1,4.057216385543086,0.9387514776894557
fullbackbone,0.3,1LZ1,4.019681133094299,0.930066638047355
fullbackbone,0.3,1LZ1,3.9316017739610927,0.9096869933148569
fullbackbone,0.3,1LZ1,4.016888124250194,0.9294203966516665
fullbackbone,0.3,1LZ1,4.030516536159106,0.9325737142473558
fullbackbone,0.3,1LZ1,4.023714563402922,0.9309998859450684
fullbackbone,0.3,1MBN,3.5391843459245322,0.8188901500030092
fullbackbone,0.3,1MBN,3.3620627001928143,0.7779080601016884
fullbackbone,0.3,1MBN,3.571417594943703,0.8263482215653986
fullbackbone,0.3,1MBN,3.328812983848692,0.7702148001459166
fullbackbone,0.3,1MBN,3.562071595023292,0.8241857608036226
fullbackbone,0.3,1MBN,3.655886551238158,0.8458924977402793
fullbackbone,0.3,1MBN,3.581667606497202,0.8287198509235141
fullbackbone,0.3,1MBN,3.3176862974654773,0.7676403273321794
fullbackbone,0.3,1PIN,3.8750248724262657,0.8965963309316131
fullbackbone,0.3,1PIN,3.885799917446465,0.8990894415951027
fullbackbone,0.3,1PIN,3.988945341480237,0.9229550455036426
fullbackbone,0.3,1PIN,3.835974493901734,0.8875609241253947
fullbackbone,0.3,1PIN,3.9547143891362997,0.9150347489155455
fullbackbone,0.3,1PIN,3.9247407209928267,0.9080994951386651
fullbackbone,0.3,1PIN,3.8763261971340532,0.8968974291172416
fullbackbone,0.3,1PIN,3.9111948509267367,0.904965275927079
fullbackbone,0.3,1R69,3.555417029754021,0.8226460393822637
fullbackbone,0.3,1R69,3.745226409767672,0.8665637945707839
fullbackbone,0.3,1R69,3.7778934175477272,0.874122228460209
fullbackbone,0.3,1R69,3.7114851872427077,0.8587568107931318
fullbackbone,0.3,1R69,3.580343623054903,0.8284135100003817
fullbackbone,0.3,1R69,3.616957457429987,0.836885153575016
fullbackbone,0.3,1R69,3.4007755591379842,0.7868653722307276
fullbackbone,0.3,1R69,3.567032901434326,0.8253336990159457
fullbackbone,0.3,1RIS,3.475129920988019,0.8040693516162228
fullbackbone,0.3,1RIS,3.508923933380805,0.8118885498191645
fullbackbone,0.3,1RIS,3.259192018408779,0.7541060255639722
fullbackbone,0.3,1RIS,3.4491629054488997,0.7980611499596897
fullbackbone,0.3,1RIS,3.488397513542689,0.8071391834744541
fullbackbone,0.3,1RIS,3.615671807395932,0.8365876821673877
fullbackbone,0.3,1RIS,3.3651301761152963,0.7786178071995429
fullbackbone,0.3,1RIS,3.7480299573059304,0.8672124743906946
fullbackbone,0.3,1SHG,3.7227027345595847,0.8613523068473459
fullbackbone,0.3,1SHG,3.887837006434596,0.899560779605224
fullbackbone,0.3,1SHG,3.8426806387923884,0.8891125799473847
fullbackbone,0.3,1SHG,3.786077900122663,0.8760159394140349
fullbackbone,0.3,1SHG,3.728817042377071,0.8627670244648646
fullbackbone,0.3,1SHG,3.681219787601685,0.8517540567036259
fullbackbone,0.3,1SHG,3.420401247297874,0.7914063288891936
fullbackbone,0.3,1SHG,3.5949095325395093,0.8317837441099767
fullbackbone,0.3,1STN,3.756071711570871,0.8690731611231864
fullbackbone,0.3,1STN,3.7336531444416496,0.8638859931192251
fullbackbone,0.3,1STN,3.730005229802635,0.8630419451482905
fullbackbone,0.3,1STN,3.7147389541940212,0.8595096615763651
fullbackbone,0.3,1STN,3.6468330983221278,0.8437977259816423
fullbackbone,0.3,1STN,3.60688378347694,0.834554324895806
fullbackbone,0.3,1STN,3.6613553451445147,0.8471578575024711
fullbackbone,0.3,1STN,3.6611592990316773,0.8471124967031859
fullbackbone,0.3,1TIM,3.774916200610489,0.8734333653250819
fullbackbone,0.3,1TIM,3.801689299429325,0.8796280770905338
fullbackbone,0.3,1TIM,3.7671965208739002,0.8716471996214644
fullbackbone,0.3,1TIM,3.7608151963351193,0.8701707001520887
fullbackbone,0.3,1TIM,3.7978060700908345,0.8787295824249043
fullbackbone,0.3,1TIM,3.6327116676621682,0.8405303345882813
fullbackbone,0.3,1TIM,3.7809624224211165,0.8748323293239925
fullbackbone,0.3,1TIM,3.7639830811555512,0.8709036796813362
fullbackbone,0.3,1TUP,3.9691353547252266,0.9183714461655498
fullbackbone,0.3,1TUP,3.9190457787899993,0.9067818095877268
fullbackbone,0.3,1TUP,3.9476130890328807,0.9133916627865052
fullbackbone,0.3,1TUP,4.0100869880642716,0.9278467619135116
fullbackbone,0.3,1TUP,4.013928022494854,0.9287354935967449
fullbackbone,0.3,1TUP,3.9829585035370516,0.9215698216378713
fullbackbone,0.3,1TUP,4.000029251284333,0.9255196207489383
fullbackbone,0.3,1TUP,3.9785747446340203,0.9205555153359647
fullbackbone,0.3,1UBI,3.604505851566938,0.8340041232594542
fullbackbone,0.3,1UBI,3.4745987681771195,0.8039464544279221
fullbackbone,0.3,1UBI,3.5139149875605433,0.8130433710170558
fullbackbone,0.3,1UBI,3.5049656866746783,0.8109726977690553
fullbackbone,0.3,1UBI,3.892361732403595,0.9006077026149684
fullbackbone,0.3,1UBI,3.562413814294084,0.8242649428870072
fullbackbone,0.3,1UBI,3.7479022551816,0.8671829269013503
fullbackbone,0.3,1UBI,3.471406700859128,0.8032078795955996
fullbackbone,0.3,1UBQ,3.3866363593585773,0.7835938694502597
fullbackbone,0.3,1UBQ,3.6519642595178494,0.844984964890543
fullbackbone,0.3,1UBQ,3.404886396610496,0.7878165304597076
fullbackbone,0.3,1UBQ,3.4672400159678647,0.8022437994906594
fullbackbone,0.3,1UBQ,3.463811675171408,0.8014505561230725
fullbackbone,0.3,1UBQ,3.5844342069878503,0.8293599820015671
fullbackbone,0.3,1UBQ,3.2755119360715383,0.7578820989516958
fullbackbone,0.3,1UBQ,3.6112231030381188,0.8355583489022007
fullbackbone,0.3,1VII,2.8692403420484998,0.6638797034690781
fullbackbone,0.3,1VII,2.925202780595792,0.6768281925042133
fullbackbone,0.3,1VII,3.044827960775148,0.7045068529430271
fullbackbone,0.3,1VII,3.1512851552462813,0.7291387283777588
fullbackbone,0.3,1VII,2.7935673619524595,0.6463706245499823
fullbackbone,0.3,1VII,2.886794076652648,0.6679412552160665
fullbackbone,0.3,1VII,2.8532558232129324,0.6601812340626859
fullbackbone,0.3,1VII,3.1167749181580073,0.7211538113845544
fullbackbone,0.3,2ACY,3.7163320926333854,0.8598782791017813
fullbackbone,0.3,2ACY,3.7632985319589967,0.8707452899114174
fullbackbone,0.3,2ACY,3.7262594126226127,0.8621752446623538
fullbackbone,0.3,2ACY,3.6808556545525994,0.8516698042493762
fullbackbone,0.3,2ACY,3.637749575908567,0.8416959967963958
fullbackbone,0.3,2ACY,3.6961770860311574,0.8552148496879346
fullbackbone,0.3,2ACY,3.672414464031633,0.8497166966696938
fullbackbone,0.3,2ACY,3.764245371906028,0.8709643680465099
fullbackbone,0.3,2CI2,3.6048518928310256,0.8340841896688184
fullbackbone,0.3,2CI2,3.7798352223691016,0.8745715197900836
fullbackbone,0.3,2CI2,3.7078220903534627,0.8579092499802673
fullbackbone,0.3,2CI2,3.5958661309712547,0.8320050801458254
fullbackbone,0.3,2CI2,3.708219498799046,0.858001201636301
fullbackbone,0.3,2CI2,3.6220261861969525,0.8380579469801079
fullbackbone,0.3,2CI2,3.5440075230188035,0.8200061281008347
fullbackbone,0.3,2CI2,3.327059711789965,0.7698091311897853
fullbackbone,0.3,2CRO,3.604363901613965,0.8339712791329772
fullbackbone,0.3,2CRO,3.4930069412799756,0.8082057046279966
fullbackbone,0.3,2CRO,3.4715623704613052,0.8032438981499946
fullbackbone,0.3,2CRO,3.6395600568877278,0.8421149026503139
fullbackbone,0.3,2CRO,3.6555130070264226,0.8458060677480318
fullbackbone,0.3,2CRO,3.4701613158746647,0.8029197246431985
fullbackbone,0.3,2CRO,3.782015367754891,0.875075957933876
fullbackbone,0.3,2CRO,3.5778658330283823,0.8278402033714604
fullbackbone,0.3,2GB1,3.3404832014657844,0.7729150342453449
fullbackbone,0.3,2GB1,3.2403110501365555,0.749737380862419
fullbackbone,0.3,2GB1,3.119294034199296,0.7217366799529298
fullbackbone,0.3,2GB1,3.1860555786666263,0.7371838468195665
fullbackbone,0.3,2GB1,3.2978654627707247,0.7630542180171725
fullbackbone,0.3,2GB1,3.1455661774318204,0.7278154815099486
fullbackbone,0.3,2GB1,3.1656047388857917,0.7324519680534605
fullbackbone,0.3,2GB1,3.272439797446865,0.7571712730061397
fullbackbone,0.3,2LZM,3.7174946315958715,0.8601472652896499
fullbackbone,0.3,2LZM,3.625183035036547,0.8387883730238288
fullbackbone,0.3,2LZM,3.829584056255608,0.8860823160815251
fullbackbone,0.3,2LZM,3.7953513352261137,0.8781616102581242
fullbackbone,0.3,2LZM,3.7894863021802223,0.876804569391843
fullbackbone,0.3,2LZM,3.788933437758387,0.8766766486097991
fullbackbone,0.3,2LZM,3.7724590844745136,0.872864842184014
fullbackbone,0.3,2LZM,3.748743057500757,0.8673774702395775
fullbackbone,0.3,2PCY,3.7370117132308946,0.8646630927644547
fullbackbone,0.3,2PCY,3.76107302767613,0.8702303567070684
fullbackbone,0.3,2PCY,3.942905142013076,0.9123023464174119
fullbackbone,0.3,2PCY,3.7521571768850106,0.8681674230822202
fullbackbone,0.3,2PCY,3.7445217253886005,0.8664007459583127
fullbackbone,0.3,2PCY,3.734021415369485,0.8639712029884663
fullbackbone,0.3,2PCY,3.8929925160126886,0.900753652199331
fullbackbone,0.3,2PCY,3.91577537100365,0.9060251084778176
fullbackbone,0.3,2PTL,3.5485010592356687,0.8210458344814617
fullbackbone,0.3,2PTL,3.4023288448613913,0.7872247687059362
fullbackbone,0.3,2PTL,3.4978636717814138,0.8093294462532178
fullbackbone,0.3,2PTL,3.525769355805972,0.815786213559821
fullbackbone,0.3,2PTL,3.4743706076665317,0.8038936630566688
fullbackbone,0.3,2PTL,3.371806505102429,0.7801625642710524
fullbackbone,0.3,2PTL,3.2979826589403745,0.7630813346574953
fullbackbone,0.3,2PTL,3.241323613437087,0.7499716659496071
fullbackbone,0.3,3CHY,3.814276798674014,0.8825405501739197
fullbackbone,0.3,3CHY,3.7098928708537104,0.8583883834722607
fullbackbone,0.3,3CHY,3.5558986981533294,0.8227574869558312
fullbackbone,0.3,3CHY,3.737982565867754,0.8648877269128127
fullbackbone,0.3,3CHY,3.591775112795555,0.8310585076703279
fullbackbone,0.3,3CHY,3.7131038907055776,0.8591313435080062
fullbackbone,0.3,3CHY,3.6756725742889915,0.850470552399319
fullbackbone,0.3,3CHY,3.7164279087730425,0.859900448868967
fullbackbone,0.3,3PGK,3.14945189521483,0.7287145519474244
fullbackbone,0.3,3PGK,3.2911358920229183,0.7614971419622129
fullbackbone,0.3,3PGK,3.269186468454754,0.7564185235571244
fullbackbone,0.3,3PGK,3.109922235214342,0.7195682498496987
fullbackbone,0.3,3PGK,3.145624391815779,0.7278289510500892
fullbackbone,0.3,3PGK,3.0442947351228686,0.7043834761443917
fullbackbone,0.3,3PGK,3.1691897346888793,0.7332814579765641
fullbackbone,0.3,3PGK,3.2987602774764397,0.7632612586448899
fullbackbone,0.3,4HHB,3.977853020804991,0.9203885241660091
fullbackbone,0.3,4HHB,3.8504141558480933,0.8909019473051742
fullbackbone,0.3,4HHB,3.7920649189136157,0.8774012051240394
fullbackbone,0.3,4HHB,3.829834569578713,0.8861402794065979
fullbackbone,0.3,4HHB,3.851863981729487,0.8912374054270039
fullbackbone,0.3,4HHB,3.8676752311786706,0.8948957840723792
fullbackbone,0.3,4HHB,3.8984353306894057,0.9020130009337896
fullbackbone,0.3,4HHB,3.900172992900979,0.9024150581113786
fullbackbone,0.5,1AKI,3.5769025613434766,0.8276173232902194
fullbackbone,0.5,1AKI,3.110022968777299,0.7195915574015009
fullbackbone,0.5,1AKI,3.461268642764315,0.800862153828712
fullbackbone,0.5,1AKI,3.682142305066102,0.8519675071461514
fullbackbone,0.5,1AKI,3.4301240712515813,0.7936559785224693
fullbackbone,0.5,1AKI,3.520997065795576,0.8146820096245353
fullbackbone,0.5,1AKI,3.468115134317759,0.8024462828107612
fullbackbone,0.5,1AKI,3.3468891768964926,0.7743972373940475
fullbackbone,0.5,1BPI,3.3668386374820902,0.7790131079378442
fullbackbone,0.5,1BPI,2.8951264711597777,0.6698691897684684
fullbackbone,0.5,1BPI,3.3170718719410166,0.7674981626522098
fullbackbone,0.5,1BPI,3.109029435928169,0.7193616755461537
fullbackbone,0.5,1BPI,3.323125224166567,0.7688987764737845
fullbackbone,0.5,1BPI,3.471182922496295,0.8031561021578635
fullbackbone,0.5,1BPI,3.1067789930175502,0.7188409720866766
fullbackbone,0.5,1BPI,3.103540594480035,0.7180916772195672
fullbackbone,0.5,1CRN,2.9807182222174515,0.6896732561894079
fullbackbone,0.5,1CRN,2.702405146899601,0.6252776741233662
fullbackbone,0.5,1CRN,2.6085609484015677,0.6035641711594815
fullbackbone,0.5,1CRN,3.170636797961484,0.7336162768909085
fullbackbone,0.5,1CRN,3.0717618743567776,0.7107387737409439
fullbackbone,0.5,1CRN,2.81114715570049,0.6504382058151186
fullbackbone,0.5,1CRN,3.3377937507530056,0.7722927539450409
fullbackbone,0.5,1CRN,3.159036826263354,0.7309322961666914
fullbackbone,0.5,1CSP,3.2160636770167126,0.7441270669961317
fullbackbone,0.5,1CSP,3.041294931575717,0.7036893869598214
fullbackbone,0.5,1CSP,3.1595714875755148,0.7310560051457448
fullbackbone,0.5,1CSP,3.0398068660393536,0.703345081014953
fullbackbone,0.5,1CSP,3.2355032432647457,0.7486249590992025
fullbackbone,0.5,1CSP,3.141728602519009,0.7269275502837556
fullbackbone,0.5,1CSP,2.9267827472009103,0.6771937623541577
fullbackbone,0.5,1CSP,3.3424983432794626,0.7733812941574574
fullbackbone,0.5,1ENH,2.563130284721359,0.5930525053744928
fullbackbone,0.5,1ENH,3.1599033101364657,0.7311327816569837
fullbackbone,0.5,1ENH,2.739122830931403,0.6337733462460091
fullbackbone,0.5,1ENH,2.8888806399331286,0.6684240404995488
fullbackbone,0.5,1ENH,3.31552270107489,0.7671397182653265
fullbackbone,0.5,1ENH,2.3472476557697326,0.5431019684354342
fullbackbone,0.5,1ENH,2.9757384331781638,0.6885210414995849
fullbackbone,0.5,1ENH,2.7371549046398513,0.6333180109770398
fullbackbone,0.5,1FKB,3.011560835690137,0.6968095649838949
fullbackbone,0.5,1FKB,3.484623168726353,0.8062658823150015
fullbackbone,0.5,1FKB,3.089513381672452,0.714846085784537
fullbackbone,0.5,1FKB,2.928410167870198,0.6775703120406769
fullbackbone,0.5,1FKB,2.88124173653883,0.6666565646816761
fullbackbone,0.5,1FKB,3.164428743939039,0.7321798684439959
fullbackbone,0.5,1FKB,3.03501173608637,0.7022355924145628
fullbackbone,0.5,1FKB,3.3069218454529943,0.765149667659887
fullbackbone,0.5,1HEL,3.462043731031486,0.801041492367011
fullbackbone,0.5,1HEL,3.3034932541957507,0.7643563663411308
fullbackbone,0.5,1HEL,3.3579506246100546,0.7769566154009716
fullbackbone,0.5,1HEL,2.9344281894167676,0.678962751112879
fullbackbone,0.5,1HEL,3.5912218703240346,0.8309304994158234
fullbackbone,0.5,1HEL,2.991917964084707,0.692264632450504
fullbackbone,0.5,1HEL,3.553409598610324,0.8221815635511938
fullbackbone,0.5,1HEL,3.763520620740296,0.8707966764167973
fullbackbone,0.5,1IGD,3.2578056833333413,0.7537852578313767
fullbackbone,0.5,1IGD,2.821547130786836,0.6528445334675034
fullbackbone,0.5,1IGD,3.2728365533067265,0.7572630736680552
fullbackbone,0.5,1IGD,3.2550764736835656,0.7531537781792732
fullbackbone,0.5,1IGD,3.1519056720221714,0.7292823024405999
fullbackbone,0.5,1IGD,3.3424164941321974,0.7733623560480145
fullbackbone,0.5,1IGD,3.3918213981146477,0.7847935744528033
fullbackbone,0.5,1IGD,3.1640462560791445,0.7320913690864183
fullbackbone,0.5,1LZ1,3.602760238754584,0.8336002264860629
fullbackbone,0.5,1LZ1,3.4903604577891807,0.8075933660067396
fullbackbone,0.5,1LZ1,3.5937344993242823,0.8315118670242342
fullbackbone,0.5,1LZ1,3.2461877918176647,0.7510971308517955
fullbackbone,0.5,1LZ1,3.749563806538683,0.8675673736854254
fullbackbone,0.5,1LZ1,3.4944908253870617,0.8085490430812303
fullbackbone,0.5,1LZ1,2.9388534348810653,0.6799866565012015
fullbackbone,0.5,1LZ1,3.6612735574669264,0.8471389336157722
fullbackbone,0.5,1MBN,3.2713225438634876,0.7569127648683717
fullbackbone,0.5,1MBN,2.7973818762871328,0.6472532200608112
fullbackbone,0.5,1MBN,3.245501715980474,0.7509383878504943
fullbackbone,0.5,1MBN,3.1196682915108074,0.7218232749409292
fullbackbone,0.5,1MBN,2.8360387138411323,0.6561975700604628
fullbackbone,0.5,1MBN,2.944114414042361,0.6812039324590129
fullbackbone,0.5,1MBN,3.1588976774219164,0.7309001001563963
fullbackbone,0.5,1MBN,2.825189761052582,0.6536873587495933
fullbackbone,0.5,1PIN,3.404315537744604,0.787684446155351
fullbackbone,0.5,1PIN,3.6723620966003625,0.8497045799870188
fullbackbone,0.5,1PIN,3.3168152055964457,0.7674387756520248
fullbackbone,0.5,1PIN,3.320892327383954,0.7683821328060532
fullbackbone,0.5,1PIN,3.5805397585375633,0.828458891477897
fullbackbone,0.5,1PIN,3.399659660949415,0.7866071777017883
fullbackbone,0.5,1PIN,3.2190353621488703,0.7448146501920838
fullbackbone,0.5,1PIN,3.5174983228059427,0.8138724767232888
fullbackbone,0.5,1R69,3.0522334000898326,0.7062203102593217
fullbackbone,0.5,1R69,3.2422995659793097,0.7501974801049553
fullbackbone,0.5,1R69,3.36080506307893,0.7776170702734745
fullbackbone,0.5,1R69,2.7446174588180714,0.6350446834284043
fullbackbone,0.5,1R69,3.209378392627771,0.7425802378397536
fullbackbone,0.5,1R69,2.976065191873662,0.6885966463426837
fullbackbone,0.5,1R69,3.135347292504654,0.7254510541750157
fullbackbone,0.5,1R69,3.4679141083864153,0.8023997697899682
fullbackbone,0.5,1RIS,3.0854527887220726,0.7139065530433091
fullbackbone,0.5,1RIS,2.962959626226852,0.6855643039808769
fullbackbone,0.5,1RIS,3.217306678488465,0.7444146704556208
fullbackbone,0.5,1RIS,3.063499259527589,0.7088269846857388
fullbackbone,0.5,1RIS,3.2549135251225567,0.75311607543239
fullbackbone,0.5,1RIS,3.5333040408438983,0.8175295755206179
fullbackbone,0.5,1RIS,3.203564786897714,0.7412350961339177
fullbackbone,0.5,1RIS,2.8423789801027954,0.6576645695390434
fullbackbone,0.5,1SHG,3.588795224722022,0.8303690264924578
fullbackbone,0.5,1SHG,3.392418919460431,0.7849318278741154
fullbackbone,0.5,1SHG,3.442454165243144,0.796508893638329
fullbackbone,0.5,1SHG,3.617158656822681,0.8369317067309864
fullbackbone,0.5,1SHG,3.539116884617301,0.8188745409262846
fullbackbone,0.5,1SHG,3.1527498230886923,0.7294776206060084
fullbackbone,0.5,1SHG,2.7357995986783563,0.6330044227053843
fullbackbone,0.5,1SHG,3.0611292814406412,0.7082786233907531
fullbackbone,0.5,1STN,2.803832090350914,0.648745659065387
fullbackbone,0.5,1STN,3.022117640205067,0.6992521795492364
fullbackbone,0.5,1STN,3.117604113127365,0.7213456690349254
fullbackbone,0.5,1STN,3.616470134063965,0.8367723975653548
fullbackbone,0.5,1STN,3.5416539385008554,0.8194615599205515
fullbackbone,0.5,1STN,3.170385316163559,0.7335580894818624
fullbackbone,0.5,1STN,3.385798889220325,0.7834000971060961
fullbackbone,0.5,1STN,3.122430896787217,0.7224624816134506
fullbackbone,0.5,1TIM,3.3913142892913704,0.7846762405193958
fullbackbone,0.5,1TIM,3.3991729785706744,0.7864945700026189
fullbackbone,0.5,1TIM,3.296976738958803,0.7628485866895776
fullbackbone,0.5,1TIM,3.3579511378431595,0.7769567341519303
fullbackbone,0.5,1TIM,3.360979006820424,0.7776573170655717
fullbackbone,0.5,1TIM,3.3324076398465556,0.7710465252276263
fullbackbone,0.5,1TIM,3.1769996889369674,0.7350885112353461
fullbackbone,0.5,1TIM,3.318092513556163,0.767734316885399
fullbackbone,0.5,1TUP,3.7278589162110105,0.86254533494458
fullbackbone,0.5,1TUP,3.639465222578683,0.8420929600573408
fullbackbone,0.5,1TUP,3.5890787874211543,0.8304346367231018
fullbackbone,0.5,1TUP,3.631727256728846,0.8403025633455142
fullbackbone,0.5,1TUP,3.5404678521134363,0.8191871253715773
fullbackbone,0.5,1TUP,3.5251816327024725,0.8156502272383005
fullbackbone,0.5,1TUP,3.566456752589508,0.8252003907257176
fullbackbone,0.5,1TUP,3.580876523407457,0.8285368115317479
fullbackbone,0.5,1UBI,3.2493298514041595,0.7518241349845601
fullbackbone,0.5,1UBI,2.8646027246658408,0.6628066598457598
fullbackbone,0.5,1UBI,3.5164571910977607,0.8136315815289856
fullbackbone,0.5,1UBI,3.525805277799335,0.8157945251264584
fullbackbone,0.5,1UBI,3.1830904067152597,0.7364977706317478
fullbackbone,0.5,1UBI,3.5955472518167206,0.8319312984568354
fullbackbone,0.5,1UBI,3.344467544958554,0.7738369245233168
fullbackbone,0.5,1UBI,3.4297676422355616,0.7935735086136244
fullbackbone,0.5,1UBQ,3.132004081421114,0.7246775079682902
fullbackbone,0.5,1UBQ,3.355109655305229,0.7762992769995793
fullbackbone,0.5,1UBQ,3.067611278926626,0.7097784163867663
fullbackbone,0.5,1UBQ,3.3064134564083383,0.7650320375111446
fullbackbone,0.5,1UBQ,3.2742340214998125,0.7575864173615191
fullbackbone,0.5,1UBQ,3.1741273010792557,0.734423903265327
fullbackbone,0.5,1UBQ,3.343021992903086,0.7735024552716931
fullbackbone,0.5,1UBQ,3.327622616435078,0.7699393750607509
fullbackbone,0.5,1VII,2.584962500721156,0.5981040045018438
fullbackbone,0.5,1VII,2.68831499254913,0.622017519386609
fullbackbone,0.5,1VII,2.765246528378741,0.6398178006825004
fullbackbone,0.5,1VII,2.3461863526237323,0.5428564060098918
fullbackbone,0.5,1VII,2.5868848688157073,0.5985487985965964
fullbackbone,0.5,1VII,2.2788638893696596,0.527279454756651
fullbackbone,0.5,1VII,2.9831254939959964,0.6902302464321175
fullbackbone,0.5,1VII,3.0277190159210967,0.7005482158536478
fullbackbone,0.5,2ACY,3.3044072897637675,0.7645678542576231
fullbackbone,0.5,2ACY,3.5067546186840923,0.8113866176608578
fullbackbone,0.5,2ACY,3.220584767152113,0.745173148753195
fullbackbone,0.5,2ACY,3.1333824638965253,0.7249964356425016
fullbackbone,0.5,2ACY,2.863502709442107,0.6625521402888437
fullbackbone,0.5,2ACY,3.507079970809424,0.8114618970542649
fullbackbone,0.5,2ACY,3.7956582864981367,0.878232632094972
fullbackbone,0.5,2ACY,3.2492410131856237,0.7518035797562951
fullbackbone,0.5,2CI2,3.549920501182886,0.8213742624228929
fullbackbone,0.5,2CI2,3.2230085225474236,0.7457339529456982
fullbackbone,0.5,2CI2,2.888526477234804,0.6683420949672426
fullbackbone,0.5,2CI2,3.274022290698677,0.7575374274670815
fullbackbone,0.5,2CI2,3.1457159727321926,0.7278501408788884
fullbackbone,0.5,2CI2,3.1260494398860654,0.7232997336499037
fullbackbone,0.5,2CI2,3.312108093898224,0.7663496525581469
fullbackbone,0.5,2CI2,3.177353422888501,0.735170357564986
fullbackbone,0.5,2CRO,2.9524039556121733,0.6831219517753495
fullbackbone,0.5,2CRO,3.037344167848613,0.7027752663080277
fullbackbone,0.5,2CRO,2.8703924969794157,0.6641462870182766
fullbackbone,0.5,2CRO,3.4816396324928993,0.8055755570324076
fullbackbone,0.5,2CRO,3.4433074842009903,0.7967063330540508
fullbackbone,0.5,2CRO,3.3222511049318664,0.7686965243271707
fullbackbone,0.5,2CRO,3.404018377760333,0.7876156898091679
fullbackbone,0.5,2CRO,3.234486839165658,0.7483897853349072
fullbackbone,0.5,2GB1,2.7355041618627087,0.6329360650628781
fullbackbone,0.5,2GB1,2.7318641699666477,0.6320938502420516
fullbackbone,0.5,2GB1,2.4581845896968137,0.5687703579809045
fullbackbone,0.5,2GB1,3.040360111333479,0.7034730899225468
fullbackbone,0.5,2GB1,2.9012693024313387,0.671290507091824
fullbackbone,0.5,2GB1,3.2451445939113457,0.7508557575842594
fullbackbone,0.5,2GB1,2.762289350477426,0.6391335741436986
fullbackbone,0.5,2GB1,2.400381573087972,0.5553959992827068
fullbackbone,0.5,2LZM,3.5462303804615734,0.8205204488840517
fullbackbone,0.5,2LZM,3.209346054971874,0.7425727556107145
fullbackbone,0.5,2LZM,3.1873516125573556,0.7374837208253979
fullbackbone,0.5,2LZM,3.35666722488407,0.7766596646656035
fullbackbone,0.5,2LZM,2.9991663463428435,0.6939417501856905
fullbackbone,0.5,2LZM,3.2773897440121917,0.7583165827976615
fullbackbone,0.5,2LZM,2.8647464550186554,0.6628399159179709
fullbackbone,0.5,2LZM,3.1119915411347288,0.7200470421560387
fullbackbone,0.5,2PCY,3.2431412043024674,0.7503922168762943
fullbackbone,0.5,2PCY,3.301844313906729,0.7639748374834499
fullbackbone,0.5,2PCY,3.376535441257308,0.7812567370687149
fullbackbone,0.5,2PCY,3.2147092969919995,0.7438136929660744
fullbackbone,0.5,2PCY,3.681372872000062,0.8517894770981851
fullbackbone,0.5,2PCY,3.4524002406829055,0.7988101988015331
fullbackbone,0.5,2PCY,3.6313436126494985,0.8402137964639456
fullbackbone,0.5,2PCY,3.4239297578459627,0.7922227493549258
fullbackbone,0.5,2PTL,3.2214174827358533,0.7453658209970311
fullbackbone,0.5,2PTL,2.8170480873576915,0.6518035528379398
fullbackbone,0.5,2PTL,2.3364108867880042,0.5405945761920168
fullbackbone,0.5,2PTL,2.288165580519805,0.5294316634343355
fullbackbone,0.5,2PTL,2.388605254014573,0.5526712156179046
fullbackbone,0.5,2PTL,2.560253350047302,0.5923868453702321
fullbackbone,0.5,2PTL,2.8822500134561864,0.6668898579931842
fullbackbone,0.5,2PTL,2.5223327615833186,0.5836128473694691
fullbackbone,0.5,3CHY,3.4622764540249213,0.8010953393973933
fullbackbone,0.5,3CHY,3.162193901948613,0.7316627746975567
fullbackbone,0.5,3CHY,3.419610409516102,0.7912233462563479
fullbackbone,0.5,3CHY,3.183400719149481,0.7365695701682993
fullbackbone,0.5,3CHY,2.8858731547657004,0.6677281739554048
fullbackbone,0.5,3CHY,3.3120577249110164,0.7663379982718881
fullbackbone,0.5,3CHY,3.0478789249807554,0.7052127795893348
fullbackbone,0.5,3CHY,3.2360109451224477,0.7487424302478554
fullbackbone,0.5,3PGK,2.908558076450696,0.6729769706005483
fullbackbone,0.5,3PGK,2.8043126566532877,0.6488568516377349
fullbackbone,0.5,3PGK,2.7059116514847896,0.6260890028887236
fullbackbone,0.5,3PGK,2.810663929747037,0.6503263978574563
fullbackbone,0.5,3PGK,2.7626215637642124,0.6392104410603832
fullbackbone,0.5,3PGK,2.7531262715808698,0.6370134373215715
fullbackbone,0.5,3PGK,2.9957213846089474,0.6931446610952979
fullbackbone,0.5,3PGK,2.8600346494032887,0.6617497067539312
fullbackbone,0.5,4HHB,3.392382653706355,0.7849234367687384
fullbackbone,0.5,4HHB,3.023357636210656,0.6995390876093347
fullbackbone,0.5,4HHB,2.9115018459185706,0.6736580947199793
fullbackbone,0.5,4HHB,3.1909037088362147,0.7383055985153717
fullbackbone,0.5,4HHB,3.051605411257887,0.706075007325502
fullbackbone,0.5,4HHB,3.287334116327722,0.7606174938950242
fullbackbone,0.5,4HHB,3.008498144688949,0.6961009250125796
fullbackbone,0.5,4HHB,3.2153477420310272,0.7439614152384053
ca_only,0.0,1AKI,4.027837980819965,0.9319539548991357
ca_only,0.0,1AKI,3.9724956725156213,0.9191489504915402
ca_only,0.0,1AKI,4.004409345383433,0.9265330790950596
ca_only,0.0,1AKI,3.8965566358615766,0.9015783118814539
ca_only,0.0,1AKI,4.004867170888737,0.9266390099424158
ca_only,0.0,1AKI,4.0486373542411584,0.9367664767561741
ca_only,0.0,1AKI,3.99182056748324,0.9236203101586479
ca_only,0.0,1AKI,4.006460027219289,0.927007562193999
ca_only,0.0,1BPI,3.746297169005935,0.8668115449300574
ca_only,0.0,1BPI,3.3926640026421437,0.7849885347827756
ca_only,0.0,1BPI,3.7624327215700903,0.8705449602506972
ca_only,0.0,1BPI,3.5547109987276033,0.8224826791849358
ca_only,0.0,1BPI,3.5298289524206985,0.8167255157706858
ca_only,0.0,1BPI,3.5802420252427187,0.8283900024801376
ca_only,0.0,1BPI,3.3643742626604913,0.7784429052950668
ca_only,0.0,1BPI,3.5037983488978206,0.8107026012400921
ca_only,0.0,1CRN,3.3935615361274167,0.7851962044768491
ca_only,0.0,1CRN,3.295225141621841,0.762443305227576
ca_only,0.0,1CRN,3.593257879546769,0.8314015875917565
ca_only,0.0,1CRN,3.5579472651524364,0.8232314807276225
ca_only,0.0,1CRN,3.4300019011918357,0.7936277110323438
ca_only,0.0,1CRN,3.446094068897508,0.7973510880419494
ca_only,0.0,1CRN,3.5932578795467696,0.8314015875917566
ca_only,0.0,1CRN,3.5169584229309665,0.8137475556549316
ca_only,0.0,1CSP,3.68910089363676,0.8535775729357442
ca_only,0.0,1CSP,3.3553019686128747,0.7763437741090693
ca_only,0.0,1CSP,3.5907413344459695,0.8308193138829976
ca_only,0.0,1CSP,3.523915670748429,0.8153573112234457
ca_only,0.0,1CSP,3.4994152978720217,0.8096884587255547
ca_only,0.0,1CSP,3.6349842072992384,0.8410561507488413
ca_only,0.0,1CSP,3.7802877519784865,0.874676225282505
ca_only,0.0,1CSP,3.3571755796561473,0.776777286884418
ca_only,0.0,1ENH,3.007578078855305,0.6958880418240017
ca_only,0.0,1ENH,3.246703531863024,0.7512164618619457
ca_only,0.0,1ENH,2.814143412672445,0.6511314743994571
ca_only,0.0,1ENH,3.336953705306274,0.7720983857306032
ca_only,0.0,1ENH,3.0958509273682395,0.7163124557834466
ca_only,0.0,1ENH,3.3132521993340105,0.7666143736295455
ca_only,0.0,1ENH,3.316897049304151,0.767457712502872
ca_only,0.0,1ENH,3.1839815498799435,0.736703961744862
ca_only,0.0,1FKB,3.747804746570435,0.8671603655331312
ca_only,0.0,1FKB,3.798416475234391,0.878870816876324
ca_only,0.0,1FKB,3.5761335553013414,0.8274393920462811
ca_only,0.0,1FKB,3.6992160098158844,0.8559179904431734
ca_only,0.0,1FKB,3.6240201912558274,0.838519316307662
ca_only,0.0,1FKB,3.752026148555178,0.8681371059813902
ca_only,0.0,1FKB,3.717921026889403,0.860245923870767
ca_only,0.0,1FKB,3.7279513101245,0.86256671288319
ca_only,0.0,1HEL,3.9903310461000943,0.9232756673625524
ca_only,0.0,1HEL,3.933630908509084,0.9101564908408319
ca_only,0.0,1HEL,3.9844566542861752,0.9219164610812475
ca_only,0.0,1HEL,4.022567153817869,0.9307344003655166
ca_only,0.0,1HEL,3.9009616292496037,0.9025975313805562
ca_only,0.0,1HEL,4.033983746396735,0.9333759511567875
ca_only,0.0,1HEL,3.9510153822778236,0.9141788793181655
ca_only,0.0,1HEL,3.9217364723562667,0.9074043774572502
ca_only,0.0,1IGD,3.4564690740545014,0.7997516381966978
ca_only,0.0,1IGD,3.4670237998052094,0.8021937717812879
ca_only,0.0,1IGD,3.332864479981993,0.7711522280818635
ca_only,0.0,1IGD,3.5891545250510646,0.8304521607605794
ca_only,0.0,1IGD,3.577564515823564,0.8277704851350152
ca_only,0.0,1IGD,3.4439022086460236,0.796843939333465
ca_only,0.0,1IGD,3.5853643477130848,0.829575196300559
ca_only,0.0,1IGD,3.66321740732684,0.84758869812301
ca_only,0.0,1LZ1,3.9243328170103435,0.9080051150440575
ca_only,0.0,1LZ1,3.897114424352982,0.9017073719859163
ca_only,0.0,1LZ1,3.909917451256273,0.9046697134738362
ca_only,0.0,1LZ1,3.9826561220202485,0.9214998571428209
ca_only,0.0,1LZ1,4.047056895935649,0.9364007931374718
ca_only,0.0,1LZ1,4.034765421480461,0.9335568137409317
ca_only,0.0,1LZ1,3.9422683652590864,0.9121550101498922
ca_only,0.0,1LZ1,3.9532535995910334,0.9146967540407593
ca_only,0.0,1MBN,3.6923878784061532,0.8543381095983698
ca_only,0.0,1MBN,3.5526942943826536,0.8220160577371298
ca_only,0.0,1MBN,3.5723141818075046,0.8265556722318874
ca_only,0.0,1MBN,3.5082955481169726,0.811743155159643
ca_only,0.0,1MBN,3.6938818824981614,0.8546837895956321
ca_only,0.0,1MBN,3.680438105533185,0.8515731925033574
ca_only,0.0,1MBN,3.5241145220735928,0.8154033210877465
ca_only,0.0,1MBN,3.6505825921507364,0.8446652771639592
ca_only,0.0,1PIN,3.9771467777479264,0.920225114909409
ca_only,0.0,1PIN,3.6955067648750473,0.8550597519765907
ca_only,0.0,1PIN,3.8776148310074805,0.8971955909202923
ca_only,0.0,1PIN,4.022269860874593,0.9306656132555163
ca_only,0.0,1PIN,3.9612331992798526,0.9165430595584885
ca_only,0.0,1PIN,3.9429637181778614,0.9123158996657538
ca_only,0.0,1PIN,3.8876373301887948,0.8995145788722599
ca_only,0.0,1PIN,3.8732424089570148,0.8961839077190752
ca_only,0.0,1R69,3.6203269708392116,0.8376647855668603
ca_only,0.0,1R69,3.712559401987617,0.8590053606813589
ca_only,0.0,1R69,3.429761283086288,0.7935720372450282
ca_only,0.0,1R69,3.5892565588352414,0.8304757691552441
ca_only,0.0,1R69,3.4025382453502107,0.787273219416874
ca_only,0.0,1R69,3.46043310008741,0.800668827457111
ca_only,0.0,1R69,3.492654372387768,0.8081241278677018
ca_only,0.0,1R69,3.2200323536155584,0.7450453322961816
ca_only,0.0,1RIS,3.5027757255093803,0.8104659884677394
ca_only,0.0,1RIS,3.3575095754240616,0.776854566228401
ca_only,0.0,1RIS,3.252347931176401,0.7525224528894351
ca_only,0.0,1RIS,3.309380984263613,0.7657186588037997
ca_only,0.0,1RIS,3.382731347927641,0.7826903348830012
ca_only,0.0,1RIS,3.341425552559209,0.7731330737575107
ca_only,0.0,1RIS,3.2850094727728694,0.760079622023069
ca_only,0.0,1RIS,3.3264545805825314,0.7696691170122822
ca_only,0.0,1SHG,3.5522578782390406,0.8219150805496266
ca_only,0.0,1SHG,3.4391098040967685,0.7957350813321197
ca_only,0.0,1SHG,3.6947443478326845,0.8548833452836462
ca_only,0.0,1SHG,3.550535409504759,0.8215165388116649
ca_only,0.0,1SHG,3.483100360522259,0.8059135376737532
ca_only,0.0,1SHG,3.5767657115508005,0.8275856592297187
ca_only,0.0,1SHG,3.637863585446643,0.8417223761195991
ca_only,0.0,1SHG,3.623148839108576,0.838317704404798
ca_only,0.0,1STN,3.7268453487750475,0.8623108175223299
ca_only,0.0,1STN,3.695051517184721,0.8549544175794579
ca_only,0.0,1STN,3.682793403472341,0.8521181571319782
ca_only,0.0,1STN,3.6760146161681364,0.8505496934381414
ca_only,0.0,1STN,3.499352271684378,0.8096738758388755
ca_only,0.0,1STN,3.6164704062288306,0.8367724605383752
ca_only,0.0,1STN,3.7446272111950436,0.8664251530757213
ca_only,0.0,1STN,3.669655615579249,0.8490783592444027
ca_only,0.0,1TIM,3.9201134509132456,0.907028845655844
ca_only,0.0,1TIM,3.9571203107587793,0.9155914267615572
ca_only,0.0,1TIM,4.0155540486176475,0.929111720615588
ca_only,0.0,1TIM,3.963782926670185,0.9171330109261081
ca_only,0.0,1TIM,3.9696867721639535,0.9184990321472275
ca_only,0.0,1TIM,3.9770554664316173,0.9202039874602002
ca_only,0.0,1TIM,3.9783307582652703,0.920499062205928
ca_only,0.0,1TIM,3.946267052432811,0.9130802192431334
ca_only,0.0,1TUP,3.9409337633784682,0.9118462123514751
ca_only,0.0,1TUP,3.900156374150721,0.9024112128946389
ca_only,0.0,1TUP,3.8870770973060322,0.899384953188893
ca_only,0.0,1TUP,3.8747199240881796,0.8965257725300406
ca_only,0.0,1TUP,3.9147960870152434,0.9057985234984041
ca_only,0.0,1TUP,3.865861888852477,0.8944762161650976
ca_only,0.0,1TUP,3.8801423756228854,0.8977804096770863
ca_only,0.0,1TUP,3.875673170481982,0.8967463329773396
ca_only,0.0,1UBI,3.387533712772816,0.783801497479819
ca_only,0.0,1UBI,3.356783559149374,0.7766865818800389
ca_only,0.0,1UBI,3.297167405095918,0.7628927026796933
ca_only,0.0,1UBI,3.3098951011317794,0.7658376142461114
ca_only,0.0,1UBI,3.4616801545633415,0.8009573686934649
ca_only,0.0,1UBI,3.3100453057367867,0.7658723683192264
ca_only,0.0,1UBI,3.278991957430187,0.7586873000754177
ca_only,0.0,1UBI,3.359008930583882,0.7772014843461722
ca_only,0.0,1UBQ,3.4183900703150756,0.7909409863525657
ca_only,0.0,1UBQ,3.2808611075944363,0.759119780700549
ca_only,0.0,1UBQ,3.3849848312554225,0.7832117418287685
ca_only,0.0,1UBQ,3.397122048376511,0.7860200294389781
ca_only,0.0,1UBQ,3.6336603696093492,0.8407498435496412
ca_only,0.0,1UBQ,3.262132909150549,0.754786483608901
ca_only,0.0,1UBQ,3.4874498712390443,0.8069199196915222
ca_only,0.0,1UBQ,3.3766290240341728,0.7812783900844084
ca_only,0.0,1VII,3.1395476700589553,0.7264229300281262
ca_only,0.0,1VII,3.21033229466497,0.7428009499886502
ca_only,0.0,1VII,3.021084822656444,0.6990132080703159
ca_only,0.0,1VII,3.2160723228968293,0.7441290674644243
ca_only,0.0,1VII,2.909973711545333,0.6733045177192315
ca_only,0.0,1VII,3.158713112722644,0.7308573959060664
ca_only,0.0,1VII,3.013015543338297,0.697146152640196
ca_only,0.0,1VII,2.9064821276822004,0.6724966412838825
ca_only,0.0,2ACY,3.4832084076388066,0.8059385374225171
ca_only,0.0,2ACY,3.695077248634032,0.8549603712762215
ca_only,0.0,2ACY,3.5519832592255787,0.821851539692992
ca_only,0.0,2ACY,3.5484906433981647,0.8210434244835915
ca_only,0.0,2ACY,3.498879546745576,0.8095644975872194
ca_only,0.0,2ACY,3.5942772916664065,0.8316374573464717
ca_only,0.0,2ACY,3.6484942155320947,0.8441820723135333
ca_only,0.0,2ACY,3.6928649773929494,0.854448499909435
ca_only,0.0,2CI2,3.3692862646651074,0.779579435541932
ca_only,0.0,2CI2,3.612258478580176,0.8357979122450713
ca_only,0.0,2CI2,3.5627310793667366,0.8243383511126157
ca_only,0.0,2CI2,3.609723139558938,0.835211290032583
ca_only,0.0,2CI2,3.720476906216429,0.8608372986625062
ca_only,0.0,2CI2,3.669478864157194,0.8490374628161942
ca_only,0.0,2CI2,3.5597983318999153,0.8236597772440937
ca_only,0.0,2CI2,3.51563271031104,0.8134408146377696
ca_only,0.0,2CRO,3.6661918077858275,0.848276909586432
ca_only,0.0,2CRO,3.4218395337964393,0.7917391170492435
ca_only,0.0,2CRO,3.5789539087897073,0.8280919603968981
ca_only,0.0,2CRO,3.694488908856276,0.8548242422697134
ca_only,0.0,2CRO,3.63995492565372,0.8422062666798217
ca_only,0.0,2CRO,3.5516126553516147,0.8217657900308442
ca_only,0.0,2CRO,3.806704780134794,0.8807885500543025
ca_only,0.0,2CRO,3.624764770769514,0.8386915957850941
ca_only,0.0,2GB1,3.3538308782433366,0.776003395847969
ca_only,0.0,2GB1,3.407416478511045,0.7884019362890045
ca_only,0.0,2GB1,3.009107144111243,0.6962418342107254
ca_only,0.0,2GB1,3.2978654627707242,0.7630542180171724
ca_only,0.0,2GB1,3.1070869352050963,0.7189122231997875
ca_only,0.0,2GB1,3.3484809423445943,0.7747655372391987
ca_only,0.0,2GB1,3.217329684461503,0.7444199935365543
ca_only,0.0,2GB1,3.3359879070824734,0.7718749210633074
ca_only,0.0,2LZM,3.842680618439053,0.8891125752380663
ca_only,0.0,2LZM,3.7738611111246607,0.8731892406051273
ca_only,0.0,2LZM,3.7594271991287407,0.8698495478386061
ca_only,0.0,2LZM,3.851936962996268,0.8912542917021058
ca_only,0.0,2LZM,3.838045200686392,0.8880400405612067
ca_only,0.0,2LZM,3.751956626428035,0.8681210200758368
ca_only,0.0,2LZM,3.81779324785582,0.8833541799022732
ca_only,0.0,2LZM,3.729757331068014,0.8629845867820294
ca_only,0.0,2PCY,3.871824922225045,0.8958559321718543
ca_only,0.0,2PCY,3.751839299335545,0.8680938731428213
ca_only,0.0,2PCY,3.8678022187881216,0.8949251662385475
ca_only,0.0,2PCY,3.8789404640878913,0.8975023135337432
ca_only,0.0,2PCY,3.702484451314713,0.8566742365969896
ca_only,0.0,2PCY,3.7803500370233523,0.8746906366848927
ca_only,0.0,2PCY,3.7003468746560575,0.8561796479292179
ca_only,0.0,2PCY,3.766885728222969,0.8715752889732287
ca_only,0.0,2PTL,3.0487165213638128,0.7054065811437957
ca_only,0.0,2PTL,2.9068179032380743,0.6725743324320234
ca_only,0.0,2PTL,3.21451895811358,0.7437696526964909
ca_only,0.0,2PTL,3.042231051799709,0.7039059847845514
ca_only,0.0,2PTL,3.2057108822666542,0.7417316558456535
ca_only,0.0,2PTL,2.9543555359514486,0.6835735049470888
ca_only,0.0,2PTL,3.1515521259847246,0.7292004995901857
ca_only,0.0,2PTL,3.3085725612670185,0.7655316073353705
ca_only,0.0,3CHY,3.406343478629344,0.7881536674936558
ca_only,0.0,3CHY,3.5847160756087324,0.8294252002594126
ca_only,0.0,3CHY,3.6562405510402383,0.8459744055819436
ca_only,0.0,3CHY,3.5600241603925893,0.8237120290372092
ca_only,0.0,3CHY,3.5227947822544783,0.815097962046564
ca_only,0.0,3CHY,3.6304572963511372,0.8400087221825363
ca_only,0.0,3CHY,3.5901431072960057,0.8306808971539753
ca_only,0.0,3CHY,3.595244180147327,0.8318611742755118
ca_only,0.0,3PGK,3.672368917899293,0.8497061582869767
ca_only,0.0,3PGK,3.6714422299453124,0.849491742884028
ca_only,0.0,3PGK,3.6609040059183355,0.8470534274387889
ca_only,0.0,3PGK,3.732896589779238,0.8637109428532787
ca_only,0.0,3PGK,3.7095925093335986,0.8583188863604353
ca_only,0.0,3PGK,3.693637528217262,0.8546272513387396
ca_only,0.0,3PGK,3.6818213909639805,0.8518932546146248
ca_only,0.0,3PGK,3.6853987559417387,0.8527209789309989
ca_only,0.0,4HHB,3.9095402488125157,0.9045824370464001
ca_only,0.0,4HHB,3.848615738124215,0.8904858326257085
ca_only,0.0,4HHB,3.9109782364804317,0.9049151560635483
ca_only,0.0,4HHB,3.8899254418952722,0.9000439980704147
ca_only,0.0,4HHB,3.9169581793683133,0.9062987845637437
ca_only,0.0,4HHB,3.8909455389735066,0.900280026309626
ca_only,0.0,4HHB,3.8569473838795916,0.8924135939332676
ca_only,0.0,4HHB,3.866232232488816,0.8945619056139288
ca_only,0.1,1AKI,3.9474704284795332,0.9133586542425832
ca_only,0.1,1AKI,3.904324780833605,0.9033756913846478
ca_only,0.1,1AKI,3.9997520491693823,0.9254554822188968
ca_only,0.1,1AKI,3.838006183512404,0.8880310128372068
ca_only,0.1,1AKI,4.020552788793239,0.9302683201854662
ca_only,0.1,1AKI,3.9764171801611217,0.9200563019234484
ca_only,0.1,1AKI,3.963772231802466,0.9171305363667254
ca_only,0.1,1AKI,3.9993316552124756,0.9253582122163246
ca_only,0.1,1BPI,3.6284615335553037,0.8395469461529457
ca_only,0.1,1BPI,3.6393096453327285,0.8420569628721636
ca_only,0.1,1BPI,3.84757825488399,0.890245781607402
ca_only,0.1,1BPI,3.5754570076563983,0.8272828536610768
ca_only,0.1,1BPI,3.476720065154215,0.8044372763320637
ca_only,0.1,1BPI,3.8577522284319716,0.8925998174276687
ca_only,0.1,1BPI,3.75074117642599,0.8678397914261785
ca_only,0.1,1BPI,3.6949837844160562,0.8549387456924719
ca_only,0.1,1CRN,3.5645807834819103,0.8247663323456588
ca_only,0.1,1CRN,3.2206889257983793,0.7451972487946531
ca_only,0.1,1CRN,3.218364129593801,0.7446593416028772
ca_only,0.1,1CRN,3.413272873151271,0.7897569784164183
ca_only,0.1,1CRN,3.611491369574374,0.8356204199340102
ca_only,0.1,1CRN,3.494034859615899,0.8084435425358366
ca_only,0.1,1CRN,3.5251260694061983,0.8156373711020913
ca_only,0.1,1CRN,3.69011203371707,0.8538115287207806
ca_only,0.1,1CSP,3.4680536543882785,0.8024320576945329
ca_only,0.1,1CSP,3.6335346325611617,0.8407207507361036
ca_only,0.1,1CSP,3.4157796633180335,0.7903369950459703
ca_only,0.1,1CSP,3.5046579770997153,0.8109015004774283
ca_only,0.1,1CSP,3.588446135128154,0.8302882547659959
ca_only,0.1,1CSP,3.635570253515378,0.8411917490751608
ca_only,0.1,1CSP,3.638309856948851,0.8418256336223641
ca_only,0.1,1CSP,3.3945436176142283,0.7854234367364449
ca_only,0.1,1ENH,3.210492197467192,0.7428379480133075
ca_only,0.1,1ENH,3.0271563728395967,0.7004180325028035
ca_only,0.1,1ENH,3.2746623282394483,0.7576855182096203
ca_only,0.1,1ENH,2.9237269608982714,0.676486719979655
ca_only,0.1,1ENH,2.93540417946213,0.6791885739456367
ca_only,0.1,1ENH,3.265880614078901,0.7556536208786732
ca_only,0.1,1ENH,3.2014139568065803,0.7407374409106209
ca_only,0.1,1ENH,3.1302637153297894,0.7242748251718357
ca_only,0.1,1FKB,3.5720365364741067,0.8264914311507536
ca_only,0.1,1FKB,3.5921218360320197,0.831138731873242
ca_only,0.1,1FKB,3.5246808093977444,0.8155343476369438
ca_only,0.1,1FKB,3.7243595228132818,0.8617356515530704
ca_only,0.1,1FKB,3.5865359579793425,0.8298462813904853
ca_only,0.1,1FKB,3.8184339941993426,0.883502434646326
ca_only,0.1,1FKB,3.5983947289500633,0.8325901426279615
ca_only,0.1,1FKB,3.6558064886633135,0.8458739730047709
ca_only,0.1,1HEL,3.943187451469606,0.912367666675022
ca_only,0.1,1HEL,3.966387206874841,0.9177355846264287
ca_only,0.1,1HEL,4.000322238477933,0.9255874116022721
ca_only,0.1,1HEL,3.905608840597118,0.9036727948383199
ca_only,0.1,1HEL,3.9223357886719534,0.9075430461954913
ca_only,0.1,1HEL,3.8865035881665113,0.8992522556689598
ca_only,0.1,1HEL,3.874972095828624,0.896584119576754
ca_only,0.1,1HEL,3.813610917717898,0.8823864798281165
ca_only,0.1,1IGD,3.562894766766595,0.8243762248107116
ca_only,0.1,1IGD,3.44850614334549,0.7979091895177318
ca_only,0.1,1IGD,3.352307624199865,0.7756509480492021
ca_only,0.1,1IGD,3.431913808820353,0.7940700848031567
ca_only,0.1,1IGD,3.1909926649114113,0.7383261810131004
ca_only,0.1,1IGD,3.7167770937815603,0.8599812426723
ca_only,0.1,1IGD,3.5062100215357543,0.8112606097457835
ca_only,0.1,1IGD,3.5597870720954385,0.8236571719706534
ca_only,0.1,1LZ1,3.9739528637527717,0.9194861127962242
ca_only,0.1,1LZ1,3.9602385456090077,0.9163129183694155
ca_only,0.1,1LZ1,3.9919477859000954,0.9236497457286209
ca_only,0.1,1LZ1,3.9074832283321164,0.9041064873232123
ca_only,0.1,1LZ1,3.9497507674111696,0.9138862749899839
ca_only,0.1,1LZ1,3.905344976960696,0.9036117425416066
ca_only,0.1,1LZ1,3.9359272706030937,0.9106878189989117
ca_only,0.1,1LZ1,3.9398282588413323,0.9115904226870326
ca_only,0.1,1MBN,3.536121442155354,0.8181814608018165
ca_only,0.1,1MBN,3.643611196642634,0.8430522481280646
ca_only,0.1,1MBN,3.6035321706090127,0.8337788346992218
ca_only,0.1,1MBN,3.6488518164201116,0.844264813368027
ca_only,0.1,1MBN,3.7696000913014136,0.872203333452186
ca_only,0.1,1MBN,3.6841246196129425,0.8524261715439201
ca_only,0.1,1MBN,3.602859436110632,0.8336231785930556
ca_only,0.1,1MBN,3.553362050087103,0.8221705618588525
ca_only,0.1,1PIN,3.870508073679089,0.8955512421082891
ca_only,0.1,1PIN,3.989549330220047,0.9230947953390285
ca_only,0.1,1PIN,3.9624302244441134,0.9168200251021024
ca_only,0.1,1PIN,3.9146432063243486,0.9057631502373182
ca_only,0.1,1PIN,3.875972727840846,0.8968156440237723
ca_only,0.1,1PIN,3.8815318279795368,0.8981018986806388
ca_only,0.1,1PIN,3.857253921010854,0.8924845199469662
ca_only,0.1,1PIN,3.905335229672687,0.903609487231524
ca_only,0.1,1R69,3.6651409882181993,0.8480337728325209
ca_only,0.1,1R69,3.455810653750318,0.7995992940832077
ca_only,0.1,1R69,3.515523179246445,0.8134154715357582
ca_only,0.1,1R69,3.358531425419393,0.7770910000544381
ca_only,0.1,1R69,3.607656158067713,0.8347330355485091
ca_only,0.1,1R69,3.296283252622394,0.7626881290602086
ca_only,0.1,1R69,3.3778415363116943,0.7815589390086155
ca_only,0.1,1R69,3.6205594754059183,0.8377185820580564
ca_only,0.1,1RIS,3.2941512381904916,0.7621948273705241
ca_only,0.1,1RIS,3.341908173456601,0.7732447417183829
ca_only,0.1,1RIS,3.287052601172391,0.7605523574214063
ca_only,0.1,1RIS,3.4207658260521265,0.7914906844699086
ca_only,0.1,1RIS,3.378037823799768,0.7816043556568717
ca_only,0.1,1RIS,3.3466374563660795,0.7743389947475049
ca_only,0.1,1RIS,3.30815608105949,0.7654352428891362
ca_only,0.1,1RIS,3.26921730375586,0.7564256581739964
ca_only,0.1,1SHG,3.5613168603010417,0.8240111316321787
ca_only,0.1,1SHG,3.4624249889554157,0.801129707144203
ca_only,0.1,1SHG,3.5524086647018995,0.8219499692519715
ca_only,0.1,1SHG,3.5487352440175908,0.8211000197378521
ca_only,0.1,1SHG,3.726254925838153,0.8621742065181828
ca_only,0.1,1SHG,3.5576647420761036,0.8231661110430443
ca_only,0.1,1SHG,3.5728084748984736,0.826670040884053
ca_only,0.1,1SHG,3.6020388651108552,0.8334333163413564
ca_only,0.1,1STN,3.578028717121251,0.8278778912018204
ca_only,0.1,1STN,3.507552264398995,0.8115711755011066
ca_only,0.1,1STN,3.6701814274023477,0.8492000206444895
ca_only,0.1,1STN,3.53166319870165,0.8171499203976672
ca_only,0.1,1STN,3.6544769985898458,0.8455663579671582
ca_only,0.1,1STN,3.566330643115444,0.8251712117409461
ca_only,0.1,1STN,3.7701657263894903,0.8723342090881657
ca_only,0.1,1STN,3.6923067503536515,0.8543193383345449
ca_only,0.1,1TIM,3.9771563505126943,0.920227329838616
ca_only,0.1,1TIM,3.9505644757127434,0.9140745493628353
ca_only,0.1,1TIM,3.9393369765909783,0.9114767506777885
ca_only,0.1,1TIM,3.96746921621287,0.9179859380136841
ca_only,0.1,1TIM,4.015573625670319,0.929116250319054
ca_only,0.1,1TIM,3.9781052241652843,0.9204468785288666
ca_only,0.1,1TIM,3.8693145187627054,0.8952750795044282
ca_only,0.1,1TIM,3.9338702571144526,0.9102118708934643
ca_only,0.1,1TUP,3.9020790156727516,0.9028560702545532
ca_only,0.1,1TUP,3.9645689226518677,0.9173148732719005
ca_only,0.1,1TUP,3.9438611285438734,0.9125235408727127
ca_only,0.1,1TUP,3.9329152174378024,0.9099908955195843
ca_only,0.1,1TUP,3.900138862735106,0.9024071611345841
ca_only,0.1,1TUP,3.8899541826762998,0.9000506480609736
ca_only,0.1,1TUP,3.881443304160833,0.8980814161976451
ca_only,0.1,1TUP,3.910376130858507,0.9047758419406139
ca_only,0.1,1UBI,3.5189019702596123,0.814197250163025
ca_only,0.1,1UBI,3.3492984471103266,0.7749546900311435
ca_only,0.1,1UBI,3.280532775728738,0.7590438118601404
ca_only,0.1,1UBI,3.434911386440369,0.7947636589566835
ca_only,0.1,1UBI,3.387506282416442,0.7837951506929748
ca_only,0.1,1UBI,3.3926700223197006,0.7849899276050125
ca_only,0.1,1UBI,3.3964783755440484,0.7858710975691433
ca_only,0.1,1UBI,3.227389102911965,0.7467475238030484
ca_only,0.1,1UBQ,3.222631390376332,0.7456466927778259
ca_only,0.1,1UBQ,3.1525493196086503,0.7294312284690639
ca_only,0.1,1UBQ,3.5077047753433823,0.8116064632109062
ca_only,0.1,1UBQ,3.4086725820420054,0.7886925712795417
ca_only,0.1,1UBQ,3.3922325334830763,0.7848887022197171
ca_only,0.1,1UBQ,3.1632005656272173,0.731895694740765
ca_only,0.1,1UBQ,3.258310618947216,0.7539020889314757
ca_only,0.1,1UBQ,3.5197015156912186,0.8143822475563302
ca_only,0.1,1VII,3.0521796970665482,0.7062078845497529
ca_only,0.1,1VII,2.857192196826163,0.6610920251556445
ca_only,0.1,1VII,2.758728060488214,0.6383095692294509
ca_only,0.1,1VII,3.0385623360756293,0.7030571238957227
ca_only,0.1,1VII,3.2398154610155334,0.7496227123371355
ca_only,0.1,1VII,2.7478847403336815,0.635800661187376
ca_only,0.1,1VII,2.879964948727111,0.6663611437992163
ca_only,0.1,1VII,3.4466166676282075,0.7974720060024582
ca_only,0.1,2ACY,3.691183536246817,0.8540594510615096
ca_only,0.1,2ACY,3.5605466253419116,0.823832916043622
ca_only,0.1,2ACY,3.6465032481059034,0.8437214058280018
ca_only,0.1,2ACY,3.7447643107921653,0.8664568749355283
ca_only,0.1,2ACY,3.7081865701374217,0.8579935826614126
ca_only,0.1,2ACY,3.705863639563267,0.8574561071358705
ca_only,0.1,2ACY,3.7096252373444916,0.858326458909116
ca_only,0.1,2ACY,3.485401393851461,0.806445946653885
ca_only,0.1,2CI2,3.6624086368192397,0.847401566248105
ca_only,0.1,2CI2,3.595617246199301,0.831947493632008
ca_only,0.1,2CI2,3.5358615216010447,0.8181213208483968
ca_only,0.1,2CI2,3.708863252336992,0.8581501521796262
ca_only,0.1,2CI2,3.5412232992256105,0.819361919374529
ca_only,0.1,2CI2,3.291262902519295,0.7615265294239171
ca_only,0.1,2CI2,3.6996786286152967,0.8560250303543556
ca_only,0.1,2CI2,3.535927270603094,0.8181365337350082
ca_only,0.1,2CRO,3.6367100840924866,0.841455481037397
ca_only,0.1,2CRO,3.5359703701441334,0.8181465060298018
ca_only,0.1,2CRO,3.664943975840478,0.8479881884605933
ca_only,0.1,2CRO,3.736228039967,0.8644817678449537
ca_only,0.1,2CRO,3.7264824373789396,0.8622268477319631
ca_only,0.1,2CRO,3.521085070707083,0.8147023720437091
ca_only,0.1,2CRO,3.6230726166007847,0.8383000681771428
ca_only,0.1,2CRO,3.443124348431085,0.7966639594268444
ca_only,0.1,2GB1,3.0669270154125075,0.7096200927175391
ca_only,0.1,2GB1,3.039733061564331,0.703328004267399
ca_only,0.1,2GB1,3.197933857190425,0.739932221679817
ca_only,0.1,2GB1,3.037260880191746,0.7027559953588035
ca_only,0.1,2GB1,3.3379526755715645,0.7723295256855859
ca_only,0.1,2GB1,3.398250182404308,0.7862810550745345
ca_only,0.1,2GB1,3.6305295785402008,0.8400254467062852
ca_only,0.1,2GB1,3.2816794615171676,0.7593091299689229
ca_only,0.1,2LZM,3.823839472539084,0.8847531445658492
ca_only,0.1,2LZM,3.8296816719129865,0.8861049022179058
ca_only,0.1,2LZM,3.854145940368249,0.8917654009393451
ca_only,0.1,2LZM,3.8510470017252447,0.8910483740534351
ca_only,0.1,2LZM,3.793726814886975,0.8777857316448128
ca_only,0.1,2LZM,3.726411584276217,0.8622104538676584
ca_only,0.1,2LZM,3.706996449569067,0.857718214690862
ca_only,0.1,2LZM,3.791392402744556,0.8772455995345213
ca_only,0.1,2PCY,3.7872739735230443,0.876292684740223
ca_only,0.1,2PCY,3.697045791033328,0.8554158490990997
ca_only,0.1,2PCY,3.8116312028713604,0.8819284169443589
ca_only,0.1,2PCY,3.777020803965159,0.8739203246886955
ca_only,0.1,2PCY,3.9237278965594724,0.907865149631031
ca_only,0.1,2PCY,3.7736638541124345,0.8731435996301051
ca_only,0.1,2PCY,3.9101400121692826,0.9047212092202076
ca_only,0.1,2PCY,3.7582501923497684,0.8695772141132105
ca_only,0.1,2PTL,2.9560575551606387,0.6839673151104748
ca_only,0.1,2PTL,3.417439283254592,0.7907209949414156
ca_only,0.1,2PTL,2.6841900105562106,0.6210630884237711
ca_only,0.1,2PTL,2.5984935523908828,0.6012347950593575
ca_only,0.1,2PTL,3.373290537479214,0.7805059370306641
ca_only,0.1,2PTL,3.1681112396556825,0.7330319177228813
ca_only,0.1,2PTL,3.382822639027131,0.7827114576544786
ca_only,0.1,2PTL,3.182103237694044,0.7362693612275323
ca_only,0.1,3CHY,3.504585659827792,0.8108847678362701
ca_only,0.1,3CHY,3.652103961273577,0.8450172888331585
ca_only,0.1,3CHY,3.5806203564590575,0.8284775400809566
ca_only,0.1,3CHY,3.5243272914652892,0.8154525512894123
ca_only,0.1,3CHY,3.5006981436654088,0.8099852812929882
ca_only,0.1,3CHY,3.6806715330222555,0.851627202538681
ca_only,0.1,3CHY,3.645042338369159,0.8433833831435262
ca_only,0.1,3CHY,3.6596938527862455,0.8467734243694361
ca_only,0.1,3PGK,3.7229361555100775,0.861406315369785
ca_only,0.1,3PGK,3.7300199055193635,0.863045340789404
ca_only,0.1,3PGK,3.6260110333833704,0.838979953801816
ca_only,0.1,3PGK,3.7372485165474987,0.8647178838927209
ca_only,0.1,3PGK,3.6811973771600566,0.8517488714156859
ca_only,0.1,3PGK,3.70157641167848,0.8564641360084797
ca_only,0.1,3PGK,3.6072460683212344,0.8346381497157337
ca_only,0.1,3PGK,3.6060215394420596,0.8343548204117077
ca_only,0.1,4HHB,3.8471324909124944,0.8901426415361864
ca_only,0.1,4HHB,3.9144814908441012,0.9057257327984582
ca_only,0.1,4HHB,3.9290353582922926,0.9090931806431848
ca_only,0.1,4HHB,3.878495219282158,0.897399293586174
ca_only,0.1,4HHB,3.905460951684608,0.9036385765659971
ca_only,0.1,4HHB,3.86143139399187,0.8934510961808368
ca_only,0.1,4HHB,3.881064766194423,0.897993830759364
ca_only,0.1,4HHB,3.923209014565113,0.9077450916423354
ca_only,0.2,1AKI,4.001376939606502,0.9258314464648181
ca_only,0.2,1AKI,3.932968371810486,0.9100031942833576
ca_only,0.2,1AKI,3.9103433692667555,0.9047682616220541
ca_only,0.2,1AKI,3.860607101536245,0.8932603728653333
ca_only,0.2,1AKI,4.0110404327393665,0.9280673682387818
ca_only,0.2,1AKI,3.9329565134967295,0.9100004505279095
ca_only,0.2,1AKI,3.9452396583692644,0.912842502640499
ca_only,0.2,1AKI,3.988546715699819,0.92286281218285
ca_only,0.2,1BPI,3.757747589470244,0.8694609227570173
ca_only,0.2,1BPI,3.6442473254964125,0.8431994344855912
ca_only,0.2,1BPI,3.734956375993655,0.8641875325070615
ca_only,0.2,1BPI,3.561720257964504,0.8241044690627435
ca_only,0.2,1BPI,3.6033576163257046,0.8337384466410506
ca_only,0.2,1BPI,3.93829015157388,0.9112345381758414
ca_only,0.2,1BPI,3.583611977916625,0.829169736108259
ca_only,0.2,1BPI,3.7451303495416366,0.8665415683273281
ca_only,0.2,1CRN,3.5046919247392263,0.8109093552215993
ca_only,0.2,1CRN,3.374979949773649,0.7808968302286405
ca_only,0.2,1CRN,3.3772781309874356,0.7814285792914039
ca_only,0.2,1CRN,3.201545784032374,0.7407679428585708
ca_only,0.2,1CRN,3.369353609756995,0.779595017728958
ca_only,0.2,1CRN,3.489542663608357,0.8074041462504481
ca_only,0.2,1CRN,3.555185055100832,0.8225923655015105
ca_only,0.2,1CRN,3.1325307186791447,0.7247993603560366
ca_only,0.2,1CSP,3.2571787011798525,0.7536401878210194
ca_only,0.2,1CSP,3.6669500199869454,0.8484523433707225
ca_only,0.2,1CSP,3.49218127454595,0.8080146633344122
ca_only,0.2,1CSP,3.7348752505612013,0.8641687618494586
ca_only,0.2,1CSP,3.5089527546041124,0.8118952184223144
ca_only,0.2,1CSP,3.5502481475475065,0.8214500726532871
ca_only,0.2,1CSP,3.5375519629756598,0.8185124521531066
ca_only,0.2,1CSP,3.2145471437350026,0.7437761742352124
ca_only,0.2,1ENH,3.403155032153888,0.7874159304454094
ca_only,0.2,1ENH,3.1245337981392525,0.7229490471707358
ca_only,0.2,1ENH,3.159128421618569,0.7309534893363148
ca_only,0.2,1ENH,3.198330960720722,0.7400241027850966
ca_only,0.2,1ENH,3.021898832557822,0.699201552226791
ca_only,0.2,1ENH,3.2152883770586733,0.7439476794771778
ca_only,0.2,1ENH,3.2716105312694386,0.7569793988797731
ca_only,0.2,1ENH,3.1710732740419227,0.7337172679464874
ca_only,0.2,1FKB,3.728723635348071,0.8627454121133981
ca_only,0.2,1FKB,3.694200607071298,0.8547575355178545
ca_only,0.2,1FKB,3.6892327430605856,0.8536080800198351
ca_only,0.2,1FKB,3.7435774143976053,0.8661822529685491
ca_only,0.2,1FKB,3.5589547797550605,0.8234645976561101
ca_only,0.2,1FKB,3.7418057379962915,0.8657723256485158
ca_only,0.2,1FKB,3.683081818092917,0.8521848899915363
ca_only,0.2,1FKB,3.6476008284974157,0.8439753620177892
ca_only,0.2,1HEL,3.959228878946475,0.9160793035011519
ca_only,0.2,1HEL,3.993625658305557,0.9240379688477066
ca_only,0.2,1HEL,3.933481130000058,0.9101218353570437
ca_only,0.2,1HEL,3.866769808686363,0.8946862890339544
ca_only,0.2,1HEL,3.9758925636577938,0.9199349170943143
ca_only,0.2,1HEL,3.960914583875645,0.9164693388955777
ca_only,0.2,1HEL,3.91934830783415,0.9068518082173913
ca_only,0.2,1HEL,3.7913668729944816,0.8772396925065667
ca_only,0.2,1IGD,3.601702503475759,0.8333554895872524
ca_only,0.2,1IGD,3.303391241548528,0.7643327628370967
ca_only,0.2,1IGD,3.222913208222989,0.745711899287622
ca_only,0.2,1IGD,3.3992901936020576,0.7865216910071359
ca_only,0.2,1IGD,3.2450243744690224,0.7508279414245076
ca_only,0.2,1IGD,3.741149018667178,0.8656203751035981
ca_only,0.2,1IGD,3.4398510553179524,0.7959065907151797
ca_only,0.2,1IGD,3.561610092770054,0.8240789792368991
ca_only,0.2,1LZ1,4.010689402427069,0.9279861474723574
ca_only,0.2,1LZ1,3.9478523039953424,0.9134470119170807
ca_only,0.2,1LZ1,3.9358332165959116,0.9106660569507894
ca_only,0.2,1LZ1,3.983068175264688,0.921595197286246
ca_only,0.2,1LZ1,3.8092228920552604,0.8813711862909963
ca_only,0.2,1LZ1,3.94493556734686,0.9127721426030971
ca_only,0.2,1LZ1,3.9496284223393325,0.9138579670058734
ca_only,0.2,1LZ1,3.916361438527725,0.906160711734329
ca_only,0.2,1MBN,3.724211085863613,0.8617013064768891
ca_only,0.2,1MBN,3.5715544778069606,0.8263798932777112
ca_only,0.2,1MBN,3.6126670148864943,0.8358924386456381
ca_only,0.2,1MBN,3.6819891814080377,0.851932077667756
ca_only,0.2,1MBN,3.726242048716103,0.8621712270326922
ca_only,0.2,1MBN,3.680775199875447,0.8516511887899363
ca_only,0.2,1MBN,3.578945759110097,0.8280900747385921
ca_only,0.2,1MBN,3.6316593788268468,0.8402868578778366
ca_only,0.2,1PIN,3.897307219095693,0.9017519804889915
ca_only,0.2,1PIN,3.9224344596178056,0.9075658765026333
ca_only,0.2,1PIN,3.9025675528382067,0.9029691071109582
ca_only,0.2,1PIN,3.7984634751164243,0.8788816916250476
ca_only,0.2,1PIN,3.826295899631345,0.8853215082772138
ca_only,0.2,1PIN,4.009797487261789,0.9277797777351249
ca_only,0.2,1PIN,4.041547330545694,0.9351259997422573
ca_only,0.2,1PIN,3.9275198547773966,0.9087425261478708
ca_only,0.2,1R69,3.7017522022889433,0.856504810125819
ca_only,0.2,1R69,3.476981990364382,0.8044978801191737
ca_only,0.2,1R69,3.524589353737671,0.8155131867897326
ca_only,0.2,1R69,3.4043559161091377,0.7876937888291873
ca_only,0.2,1R69,3.7130703534349276,0.859123583714249
ca_only,0.2,1R69,3.27390373620625,0.7575099965404616
ca_only,0.2,1R69,3.2169491311567904,0.7443319417928979
ca_only,0.2,1R69,3.668166838779207,0.8487338887286152
ca_only,0.2,1RIS,3.3178634514419656,0.7676813169027134
ca_only,0.2,1RIS,3.4462083710719638,0.7973775350748352
ca_only,0.2,1RIS,3.4828184276610834,0.8058483045521034
ca_only,0.2,1RIS,3.3401111976114963,0.7728289606582512
ca_only,0.2,1RIS,3.2527566189387205,0.7526170143336207
ca_only,0.2,1RIS,3.3129066149117383,0.7665344129234244
ca_only,0.2,1RIS,3.29448139140706,0.7622712176318427
ca_only,0.2,1RIS,3.1461901737882014,0.7279598606719062
ca_only,0.2,1SHG,3.610763429163027,0.8354519903823457
ca_only,0.2,1SHG,3.460745043970324,0.8007410044753457
ca_only,0.2,1SHG,3.5145286873695074,0.8131853677822705
ca_only,0.2,1SHG,3.580390992539344,0.82842447026705
ca_only,0.2,1SHG,3.668994068092562,0.8489252915690128
ca_only,0.2,1SHG,3.6346885934017736,0.8409877521334608
ca_only,0.2,1SHG,3.6207108481012495,0.8377536064018233
ca_only,0.2,1SHG,3.617034531291089,0.8369029867872791
ca_only,0.2,1STN,3.619867989007737,0.837558587170821
ca_only,0.2,1STN,3.643908737392941,0.8431210925752127
ca_only,0.2,1STN,3.7566579597847682,0.869208806187386
ca_only,0.2,1STN,3.6892883352436896,0.8536209428398274
ca_only,0.2,1STN,3.637719550415177,0.8416890495513861
ca_only,0.2,1STN,3.57389382701797,0.8269211677181113
ca_only,0.2,1STN,3.535623363390167,0.8180662162271147
ca_only,0.2,1STN,3.6614266373668327,0.8471743529694832
ca_only,0.2,1TIM,3.956371154609008,0.9154180883502455
ca_only,0.2,1TIM,3.961584304882447,0.9166242977454472
ca_only,0.2,1TIM,3.8924414477676916,0.9006261470134745
ca_only,0.2,1TIM,3.9517234127456704,0.9143427021426787
ca_only,0.2,1TIM,3.9184835495423838,0.9066517219890273
ca_only,0.2,1TIM,3.9668343457802795,0.9178390428274033
ca_only,0.2,1TIM,3.9350317139406177,0.9104806066985647
ca_only,0.2,1TIM,3.9135331258481956,0.9055063018002824
ca_only,0.2,1TUP,3.880944757351345,0.8979660633276894
ca_only,0.2,1TUP,3.9204210450043226,0.907100016227016
ca_only,0.2,1TUP,3.9221831770413913,0.9075077351891044
ca_only,0.2,1TUP,3.9278710669999013,0.9088237890043538
ca_only,0.2,1TUP,3.924137054131741,0.9079598197790033
ca_only,0.2,1TUP,3.9101990072989046,0.9047348594078846
ca_only,0.2,1TUP,3.9386430603192397,0.9113161935707512
ca_only,0.2,1TUP,3.9291404603590316,0.9091174989715862
ca_only,0.2,1UBI,3.465962101396138,0.8019481179004824
ca_only,0.2,1UBI,3.356969747446762,0.7767296617955998
ca_only,0.2,1UBI,3.5004000837388602,0.8099163167197688
ca_only,0.2,1UBI,3.4300218715469346,0.7936323317374226
ca_only,0.2,1UBI,3.3925363175133953,0.7849589912258388
ca_only,0.2,1UBI,3.3983999629482375,0.786315711029155
ca_only,0.2,1UBI,3.326949263502676,0.769783575862426
ca_only,0.2,1UBI,3.415580395467514,0.790290888806777
ca_only,0.2,1UBQ,3.3107863252954406,0.7660438241006242
ca_only,0.2,1UBQ,3.1813145180302915,0.7360868686810492
ca_only,0.2,1UBQ,3.327932825137282,0.7700111505959736
ca_only,0.2,1UBQ,3.604220023369528,0.8339379888418668
ca_only,0.2,1UBQ,3.3828664909485937,0.7827216040337102
ca_only,0.2,1UBQ,3.2493298514041595,0.7518241349845601
ca_only,0.2,1UBQ,3.273362058576404,0.7573846641383593
ca_only,0.2,1UBQ,3.5749544553455137,0.827166574005365
ca_only,0.2,1VII,2.937132212342207,0.6795884031057102
ca_only,0.2,1VII,2.965529267100888,0.6861588628947737
ca_only,0.2,1VII,2.889004614263014,0.6684527254584754
ca_only,0.2,1VII,3.01260866034656,0.6970520087806028
ca_only,0.2,1VII,3.1741341283321924,0.7344254829429123
ca_only,0.2,1VII,2.6244373144844184,0.6072376163752017
ca_only,0.2,1VII,2.9655292671008886,0.6861588628947738
ca_only,0.2,1VII,3.280667543988289,0.7590749942992259
ca_only,0.2,2ACY,3.608077966439977,0.8348306328159794
ca_only,0.2,2ACY,3.5993896600623767,0.8328203480109456
ca_only,0.2,2ACY,3.7472755164761575,0.867037913219567
ca_only,0.2,2ACY,3.6663918738121724,0.8483232005061216
ca_only,0.2,2ACY,3.6205745103433062,0.8377220608150041
ca_only,0.2,2ACY,3.664848607351581,0.8479661222700406
ca_only,0.2,2ACY,3.649869719347902,0.8445003339286292
ca_only,0.2,2ACY,3.52336544659143,0.815230001341162
ca_only,0.2,2CI2,3.614621759735871,0.8363447240160702
ca_only,0.2,2CI2,3.5710998916849417,0.8262747119530712
ca_only,0.2,2CI2,3.5103640551375435,0.8122217626179711
ca_only,0.2,2CI2,3.3313777877514092,0.7708082398900324
ca_only,0.2,2CI2,3.6671476554181828,0.8484980719036593
ca_only,0.2,2CI2,3.208054519582125,0.7422739224600017
ca_only,0.2,2CI2,3.8196827679965315,0.8837913736961603
ca_only,0.2,2CI2,3.5067107272263676,0.8113764621337965
ca_only,0.2,2CRO,3.2552219074443345,0.753187428382973
ca_only,0.2,2CRO,3.3476806631052485,0.7745803700587701
ca_only,0.2,2CRO,3.647234777479694,0.8438906657873834
ca_only,0.2,2CRO,3.645390990505102,0.843464053651755
ca_only,0.2,2CRO,3.566696501372325,0.825255863370693
ca_only,0.2,2CRO,3.3314440237389515,0.7708235654544768
ca_only,0.2,2CRO,3.496371709288657,0.8089842386375423
ca_only,0.2,2CRO,3.317255598847112,0.7675406730554516
ca_only,0.2,2GB1,3.200464383084645,0.7405177302395761
ca_only,0.2,2GB1,3.0965463754012394,0.7164733673066676
ca_only,0.2,2GB1,3.3123326954430143,0.7664016204622534
ca_only,0.2,2GB1,2.9916269693120405,0.6921973025999656
ca_only,0.2,2GB1,3.224894125124835,0.746170240300789
ca_only,0.2,2GB1,3.2995264074402164,0.7634385244269567
ca_only,0.2,2GB1,3.3474539072794123,0.7745279037009646
ca_only,0.2,2GB1,3.2881888896707445,0.7608152698237893
ca_only,0.2,2LZM,3.8340570910619145,0.8871172788824098
ca_only,0.2,2LZM,3.8121953614806325,0.882058950955311
ca_only,0.2,2LZM,3.900464718547461,0.9024825570701944
ca_only,0.2,2LZM,3.8955837397269177,0.9013532049122265
ca_only,0.2,2LZM,3.8093761244575948,0.8814066409304466
ca_only,0.2,2LZM,3.6494744452788686,0.8444088761208278
ca_only,0.2,2LZM,3.6798429716449554,0.851435491487708
ca_only,0.2,2LZM,3.8122634628228944,0.8820747081221972
ca_only,0.2,2PCY,3.74090942336362,0.8655649379703794
ca_only,0.2,2PCY,3.7378915569506757,0.8648666694321975
ca_only,0.2,2PCY,3.8776951209623514,0.8972141682665851
ca_only,0.2,2PCY,3.7294002115852174,0.8629019571142154
ca_only,0.2,2PCY,3.6754970318516773,0.8504299357038395
ca_only,0.2,2PCY,3.787572973606914,0.8763618668453634
ca_only,0.2,2PCY,3.7819165571252285,0.8750530953069436
ca_only,0.2,2PCY,3.7787700901012546,0.8743250713891704
ca_only,0.2,2PTL,2.812236111442346,0.6506901664488793
ca_only,0.2,2PTL,3.1937168836721157,0.7389565058822085
ca_only,0.2,2PTL,3.003306714370127,0.6948997411416671
ca_only,0.2,2PTL,2.397783055222273,0.5547947588620776
ca_only,0.2,2PTL,3.001230000524615,0.6944192348028485
ca_only,0.2,2PTL,2.9782243527808467,0.6890962291353125
ca_only,0.2,2PTL,3.3320833089634094,0.7709714821274114
ca_only,0.2,2PTL,2.791077379563062,0.6457944968739242
ca_only,0.2,3CHY,3.4964790071417147,0.8090090650230587
ca_only,0.2,3CHY,3.690877678733762,0.8539886822966575
ca_only,0.2,3CHY,3.4768303614317277,0.8044627964876728
ca_only,0.2,3CHY,3.4777906063767654,0.8046849762472513
ca_only,0.2,3CHY,3.6363252814456186,0.8413664460885456
ca_only,0.2,3CHY,3.5849207980805993,0.8294725685791469
ca_only,0.2,3CHY,3.643346453419688,0.8429909923141932
ca_only,0.2,3CHY,3.729510553890331,0.8629274879196084
ca_only,0.2,3PGK,3.7263161968487015,0.8621883832951219
ca_only,0.2,3PGK,3.6329201252194565,0.8405785671254064
ca_only,0.2,3PGK,3.5507345897496236,0.8215626247808184
ca_only,0.2,3PGK,3.7297240550792936,0.8629768874432181
ca_only,0.2,3PGK,3.6691832899539154,0.8489690733851835
ca_only,0.2,3PGK,3.548318424607823,0.8210035768076097
ca_only,0.2,3PGK,3.536494944264508,0.818267881052444
ca_only,0.2,3PGK,3.614728642419979,0.8363694543405368
ca_only,0.2,4HHB,3.8750100594627477,0.8965929035345827
ca_only,0.2,4HHB,3.9441120484728738,0.9125815982775309
ca_only,0.2,4HHB,3.9044133417973352,0.9033961824621914
ca_only,0.2,4HHB,3.891759698174246,0.9004684050107207
ca_only,0.2,4HHB,3.9426575901149326,0.9122450683015553
ca_only,0.2,4HHB,3.896136021914719,0.9014809909779999
ca_only,0.2,4HHB,3.8935831059184967,0.900890301836447
ca_only,0.2,4HHB,3.870105768880883,0.8954581575429346
ca_only,0.3,1AKI,3.9927966884580854,0.9238461632856354
ca_only,0.3,1AKI,3.9112367984083094,0.9049749816604118
ca_only,0.3,1AKI,3.8381247289947305,0.8880584416790857
ca_only,0.3,1AKI,3.8914984912408217,0.9004079674172
ca_only,0.3,1AKI,3.901818243994782,0.9027957333696619
ca_only,0.3,1AKI,3.9106533774962298,0.9048399907722547
ca_only,0.3,1AKI,3.856440039523691,0.8922962055027426
ca_only,0.3,1AKI,3.864512780688473,0.8941640619287511
ca_only,0.3,1BPI,3.475553245689917,0.8041672997293344
ca_only,0.3,1BPI,3.589620866633811,0.8305600620427174
ca_only,0.3,1BPI,3.7718824009949694,0.8727314101909582
ca_only,0.3,1BPI,3.787064892740423,0.876244308002334
ca_only,0.3,1BPI,3.5319488327036996,0.8172160098826792
ca_only,0.3,1BPI,3.851865325151006,0.8912377162654745
ca_only,0.3,1BPI,3.6754433843698022,0.8504175228453427
ca_only,0.3,1BPI,3.7598674697532455,0.8699514168690108
ca_only,0.3,1CRN,3.3849142072538583,0.7831954009734804
ca_only,0.3,1CRN,3.017944978531331,0.6982867165470471
ca_only,0.3,1CRN,3.312897076237209,0.7665322058819558
ca_only,0.3,1CRN,3.328046337368079,0.7700374148531071
ca_only,0.3,1CRN,3.338703402491406,0.7725032275388698
ca_only,0.3,1CRN,3.37551847887278,0.7810214341293321
ca_only,0.3,1CRN,3.6709688919510644,0.8493822227846982
ca_only,0.3,1CRN,3.2828380905425756,0.7595772114825368
ca_only,0.3,1CSP,3.3061455514607236,0.7649700501430688
ca_only,0.3,1CSP,3.6653312095616792,0.84807778590708
ca_only,0.3,1CSP,3.3538318070187123,0.7760036107463558
ca_only,0.3,1CSP,3.661426536264162,0.8471743295765279
ca_only,0.3,1CSP,3.708537443562475,0.8580747671275466
ca_only,0.3,1CSP,3.3609096064913926,0.7776412593414477
ca_only,0.3,1CSP,3.729008034319085,0.8628112158391357
ca_only,0.3,1CSP,3.4328729025378344,0.7942919981937602
ca_only,0.3,1ENH,3.2677807887598003,0.756093279901031
ca_only,0.3,1ENH,3.186866776790478,0.7373715403919818
ca_only,0.3,1ENH,3.402427900737568,0.7872476880775688
ca_only,0.3,1ENH,3.1249038107918183,0.723034660037133
ca_only,0.3,1ENH,3.288345199927596,0.7608514366117182
ca_only,0.3,1ENH,3.1783055038344465,0.7353906483530424
ca_only,0.3,1ENH,3.2754880308806538,0.7578765678113437
ca_only,0.3,1ENH,3.171797348436511,0.7338848029861019
ca_only,0.3,1FKB,3.7406032747400872,0.8654941018489051
ca_only,0.3,1FKB,3.7347229898513894,0.8641335320384879
ca_only,0.3,1FKB,3.59154180749046,0.8310045259057144
ca_only,0.3,1FKB,3.633235101762111,0.840651445835033
ca_only,0.3,1FKB,3.638970639674082,0.841978524348615
ca_only,0.3,1FKB,3.846005323357846,0.8898818395214602
ca_only,0.3,1FKB,3.5439163127462465,0.8199850240309488
ca_only,0.3,1FKB,3.586812307084446,0.8299102225526325
ca_only,0.3,1HEL,3.9243089511187197,0.907999592996698
ca_only,0.3,1HEL,3.933098572613845,0.9100333199125907
ca_only,0.3,1HEL,3.9178280705525736,0.9065000584316013
ca_only,0.3,1HEL,3.8478571023025663,0.8903103008248564
ca_only,0.3,1HEL,3.8879631329480078,0.8995899625325292
ca_only,0.3,1HEL,4.103665349531382,0.9494987559801896
ca_only,0.3,1HEL,3.907206704950461,0.904042505837268
ca_only,0.3,1HEL,3.808657705450348,0.8812404144242498
ca_only,0.3,1IGD,3.5842998958070074,0.8293289053205363
ca_only,0.3,1IGD,3.3290451342147285,0.7702685146827944
ca_only,0.3,1IGD,3.335777029980299,0.7718261286962099
ca_only,0.3,1IGD,3.3723525696853627,0.7802889117185214
ca_only,0.3,1IGD,3.216454618794758,0.7442175224061853
ca_only,0.3,1IGD,3.5311013302687035,0.8170199162836213
ca_only,0.3,1IGD,3.3366782118587697,0.7720346425489825
ca_only,0.3,1IGD,3.6723009704668543,0.8496904367314703
ca_only,0.3,1LZ1,3.9598782099919263,0.9162295445581975
ca_only,0.3,1LZ1,3.903541132615424,0.9031943722601793
ca_only,0.3,1LZ1,3.909104248672933,0.904481556113166
ca_only,0.3,1LZ1,3.9632386045460777,0.9170070666456488
ca_only,0.3,1LZ1,3.912868747571901,0.9053525791418511
ca_only,0.3,1LZ1,4.033807861642857,0.9333352552567132
ca_only,0.3,1LZ1,3.9769193131949625,0.920172484567587
ca_only,0.3,1LZ1,3.90370271861481,0.9032317597399888
ca_only,0.3,1MBN,3.6299123304723713,0.8398826289512744
ca_only,0.3,1MBN,3.501011374351723,0.8100577560494944
ca_only,0.3,1MBN,3.5824000177651247,0.828889314933984
ca_only,0.3,1MBN,3.640599171640279,0.842355331165027
ca_only,0.3,1MBN,3.710376823626273,0.8585003596000299
ca_only,0.3,1MBN,3.532268883909444,0.8172900627587839
ca_only,0.3,1MBN,3.6537910534254605,0.8454076452006972
ca_only,0.3,1MBN,3.619704430139652,0.837520743212177
ca_only,0.3,1PIN,3.9735186767628856,0.9193856513863271
ca_only,0.3,1PIN,3.969415955425633,0.9184363710542212
ca_only,0.3,1PIN,3.849919331970717,0.8907874558405982
ca_only,0.3,1PIN,3.8012193390605558,0.8795193385001521
ca_only,0.3,1PIN,3.8470773108338845,0.8901298740681955
ca_only,0.3,1PIN,3.930395851007139,0.9094079690165627
ca_only,0.3,1PIN,4.0320889551195185,0.9329375377367545
ca_only,0.3,1PIN,3.8280155448722946,0.8857193967203334
ca_only,0.3,1R69,3.5725187189543983,0.8266029976714605
ca_only,0.3,1R69,3.589666583421954,0.8305706399114693
ca_only,0.3,1R69,3.573592933699309,0.8268515475596878
ca_only,0.3,1R69,3.2890564098948727,0.761015995103128
ca_only,0.3,1R69,3.7707762585682567,0.8724754729327652
ca_only,0.3,1R69,3.75034837796821,0.8677489064208854
ca_only,0.3,1R69,3.3735693342654445,0.7805704445328968
ca_only,0.3,1R69,3.681113711080248,0.8517295129076377
ca_only,0.3,1RIS,3.164470941124316,0.7321896319533256
ca_only,0.3,1RIS,3.321999069566065,0.7686382088345786
ca_only,0.3,1RIS,3.427240916923995,0.7929888794258885
ca_only,0.3,1RIS,3.321311316840314,0.7684790778377986
ca_only,0.3,1RIS,3.2909011129986627,0.7614428192110932
ca_only,0.3,1RIS,3.464562519606873,0.8016242851669113
ca_only,0.3,1RIS,3.3348881976746934,0.7716204722655402
ca_only,0.3,1RIS,3.1710911356655025,0.7337214007370354
ca_only,0.3,1SHG,3.5266823260723217,0.8159974549887169
ca_only,0.3,1SHG,3.551955479632375,0.8218451121003543
ca_only,0.3,1SHG,3.600740024388978,0.8331327928959493
ca_only,0.3,1SHG,3.5151907114748897,0.8133385457368425
ca_only,0.3,1SHG,3.6542793217544944,0.8455206198542116
ca_only,0.3,1SHG,3.5401829451927767,0.8191212041173582
ca_only,0.3,1SHG,3.590387560076997,0.830737458201643
ca_only,0.3,1SHG,3.6336975097584587,0.8407584369709787
ca_only,0.3,1STN,3.6471234756094177,0.8438649129595176
ca_only,0.3,1STN,3.770370760227654,0.8723816494512773
ca_only,0.3,1STN,3.7028470163772744,0.8567581262533193
ca_only,0.3,1STN,3.6135168500483292,0.8360890719868638
ca_only,0.3,1STN,3.621993193031467,0.8380503130804315
ca_only,0.3,1STN,3.574729219950314,0.8271144594420834
ca_only,0.3,1STN,3.6502207992535447,0.8445815661698731
ca_only,0.3,1STN,3.770203114681062,0.8723428599242626
ca_only,0.3,1TIM,3.9394198458269982,0.9114959248135448
ca_only,0.3,1TIM,3.9962085667332308,0.9246355975844571
ca_only,0.3,1TIM,3.8375724357723024,0.88793065306014
ca_only,0.3,1TIM,3.8912526780250105,0.9003510915945545
ca_only,0.3,1TIM,3.911906203488765,0.9051298674118077
ca_only,0.3,1TIM,3.9223924903470815,0.9075561657277655
ca_only,0.3,1TIM,3.9135406197509255,0.9055080357261056
ca_only,0.3,1TIM,3.8612586468411707,0.8934111262537796
ca_only,0.3,1TUP,3.915374962487796,0.9059324626708853
ca_only,0.3,1TUP,3.94620865103401,0.9130667064318329
ca_only,0.3,1TUP,3.943431057410624,0.9124240317823699
ca_only,0.3,1TUP,3.936910526864768,0.910915323075816
ca_only,0.3,1TUP,3.9742508545824817,0.9195550613819404
ca_only,0.3,1TUP,3.920950369403573,0.9072224903606964
ca_only,0.3,1TUP,3.939000200571665,0.9113988280442048
ca_only,0.3,1TUP,3.897239602551926,0.9017363354939146
ca_only,0.3,1UBI,3.332600046961504,0.7710910440420822
ca_only,0.3,1UBI,3.3213258669699544,0.7684824444207959
ca_only,0.3,1UBI,3.407165071971988,0.7883437662932208
ca_only,0.3,1UBI,3.4227266110356114,0.7919443673957778
ca_only,0.3,1UBI,3.3019569244657414,0.764000893113377
ca_only,0.3,1UBI,3.365189540350281,0.7786315427901592
ca_only,0.3,1UBI,3.276098218472971,0.7580177519261463
ca_only,0.3,1UBI,3.577335699379166,0.8277175419949687
ca_only,0.3,1UBQ,3.4373666867772044,0.7953317619613911
ca_only,0.3,1UBQ,3.1906691616325973,0.7382513294024972
ca_only,0.3,1UBQ,3.4078904288715663,0.7885115980765484
ca_only,0.3,1UBQ,3.647224828149979,0.8438883637292518
ca_only,0.3,1UBQ,3.2857506224878703,0.7602511079198098
ca_only,0.3,1UBQ,3.2022472033036418,0.7409302359962326
ca_only,0.3,1UBQ,3.0596910580934953,0.7079458498425658
ca_only,0.3,1UBQ,3.6392904006919777,0.8420525100815738
ca_only,0.3,1VII,2.77046554567554,0.6410253675790836
ca_only,0.3,1VII,2.571655799765248,0.5950251238116144
ca_only,0.3,1VII,2.835252713326088,0.6560157066657492
ca_only,0.3,1VII,2.8871247384594216,0.668017763154078
ca_only,0.3,1VII,3.2953710165710888,0.7624770575126776
ca_only,0.3,1VII,2.667345895266812,0.617165727125853
ca_only,0.3,1VII,2.8726132124357107,0.6646601121924904
ca_only,0.3,1VII,2.8808591137599038,0.6665680341067739
ca_only,0.3,2ACY,3.5604831759695332,0.8238182352412149
ca_only,0.3,2ACY,3.590629045831712,0.8307933327440725
ca_only,0.3,2ACY,3.680771218640066,0.8516502676188077
ca_only,0.3,2ACY,3.625649379377954,0.8388962749442608
ca_only,0.3,2ACY,3.7018122648078053,0.8565187072841112
ca_only,0.3,2ACY,3.716976881475283,0.8600274691918849
ca_only,0.3,2ACY,3.7643611405320185,0.8709911543843315
ca_only,0.3,2ACY,3.5505426391483765,0.8215182115936869
ca_only,0.3,2CI2,3.6004727668351943,0.8330709553207014
ca_only,0.3,2CI2,3.500130461332425,0.80985393196914
ca_only,0.3,2CI2,3.5301211707551485,0.8167931287267634
ca_only,0.3,2CI2,3.5283853475927387,0.8163914970650836
ca_only,0.3,2CI2,3.6428556514838637,0.8428774314392667
ca_only,0.3,2CI2,3.613930207689224,0.8361847139392099
ca_only,0.3,2CI2,3.5880322236479065,0.83019248466729
ca_only,0.3,2CI2,3.5518380059316534,0.821817931245388
ca_only,0.3,2CRO,3.330803053019978,0.7706752587948331
ca_only,0.3,2CRO,3.327332860878705,0.7698723319378643
ca_only,0.3,2CRO,3.469607575655555,0.8027916012207462
ca_only,0.3,2CRO,3.708574692434496,0.8580833857049971
ca_only,0.3,2CRO,3.5381505155299218,0.818650944173594
ca_only,0.3,2CRO,3.347042177987608,0.7744326385131213
ca_only,0.3,2CRO,3.767641024274175,0.8717500480239634
ca_only,0.3,2CRO,3.3043941130223256,0.7645648054467329
ca_only,0.3,2GB1,3.2035146148931877,0.7412234874251598
ca_only,0.3,2GB1,2.917129251603446,0.6749601537920709
ca_only,0.3,2GB1,3.37203712839787,0.7802159254770645
ca_only,0.3,2GB1,2.794560406475774,0.6466003934173749
ca_only,0.3,2GB1,3.0844350509722593,0.713671070701292
ca_only,0.3,2GB1,3.0783433553044395,0.7122615850425589
ca_only,0.3,2GB1,3.3956885447285767,0.785688347926361
ca_only,0.3,2GB1,3.2284571402431306,0.7469946443723215
ca_only,0.3,2LZM,3.902885866579555,0.9030427579756557
ca_only,0.3,2LZM,3.7685432449869913,0.8719588022403706
ca_only,0.3,2LZM,3.7858972799455004,0.8759741478401823
ca_only,0.3,2LZM,3.800659978748766,0.8793899147106977
ca_only,0.3,2LZM,3.892512507745043,0.9006425887440612
ca_only,0.3,2LZM,3.7342629092123873,0.8640270794023261
ca_only,0.3,2LZM,3.8775346882190354,0.8971770476251042
ca_only,0.3,2LZM,3.753756934608712,0.8685375721658186
ca_only,0.3,2PCY,3.773163028945347,0.873027719597839
ca_only,0.3,2PCY,3.788766149229853,0.8766379416889849
ca_only,0.3,2PCY,3.767453118715031,0.8717065707714459
ca_only,0.3,2PCY,3.573412578161255,0.8268098172175594
ca_only,0.3,2PCY,3.5900745993839154,0.8306650459156886
ca_only,0.3,2PCY,3.893035684549387,0.900763640458217
ca_only,0.3,2PCY,3.908764618055646,0.9044029729878038
ca_only,0.3,2PCY,3.737682458495908,0.8648182886053588
ca_only,0.3,2PTL,2.5665930846357936,0.5938537218312244
ca_only,0.3,2PTL,2.890673721553996,0.6688389205210348
ca_only,0.3,2PTL,2.3837721484313734,0.5515529402840513
ca_only,0.3,2PTL,2.0472197474149194,0.47368204710223755
ca_only,0.3,2PTL,2.9058628793841605,0.6723533607191798
ca_only,0.3,2PTL,2.39469220079762,0.5540796024881645
ca_only,0.3,2PTL,3.0019336535736296,0.6945820447880139
ca_only,0.3,2PTL,2.779926377477497,0.6432143979364254
ca_only,0.3,3CHY,3.536083576391654,0.8181726994890717
ca_only,0.3,3CHY,3.696324436132465,0.855248943291084
ca_only,0.3,3CHY,3.5119751285818643,0.8125945299127871
ca_only,0.3,3CHY,3.503268801678865,0.8105800755507865
ca_only,0.3,3CHY,3.644434374844027,0.8432427136294148
ca_only,0.3,3CHY,3.6026371137072486,0.8335717380326153
ca_only,0.3,3CHY,3.6809474283913013,0.8516910387161898
ca_only,0.3,3CHY,3.6389133972660628,0.8419652797025304
ca_only,0.3,3PGK,3.6689405414843246,0.8489129066780422
ca_only,0.3,3PGK,3.539009114230065,0.8188496052066544
ca_only,0.3,3PGK,3.466537504079118,0.8020812535451177
ca_only,0.3,3PGK,3.6629833825709004,0.8475345498931455
ca_only,0.3,3PGK,3.512234701382039,0.8126545894034765
ca_only,0.3,3PGK,3.4841038913593065,0.80614573284568
ca_only,0.3,3PGK,3.506257775814722,0.8112716590455218
ca_only,0.3,3PGK,3.568796879832051,0.8257418451856637
ca_only,0.3,4HHB,3.8771560952911086,0.8970894494699256
ca_only,0.3,4HHB,3.9340201683428426,0.9102465570856219
ca_only,0.3,4HHB,3.9308847511263583,0.9095210898525613
ca_only,0.3,4HHB,3.826589609516566,0.8853894663456435
ca_only,0.3,4HHB,3.8966000865200567,0.9015883654171737
ca_only,0.3,4HHB,3.919594305435372,0.9069087267028036
ca_only,0.3,4HHB,3.790765147892113,0.8771004664275673
ca_only,0.3,4HHB,3.906632384481277,0.9039096205933271
ca_only,0.5,1AKI,3.7326267165409073,0.863648500065614
ca_only,0.5,1AKI,3.4333859604387373,0.7944107086141186
ca_only,0.5,1AKI,3.594375297552957,0.8316601337733808
ca_only,0.5,1AKI,3.510392381679771,0.8122283167626967
ca_only,0.5,1AKI,3.6056531627714805,0.8342695860758994
ca_only,0.5,1AKI,3.64278171069901,0.8428603231525877
ca_only,0.5,1AKI,3.4399938830292593,0.7959396379358116
ca_only,0.5,1AKI,3.522939236402342,0.8151313855891803
ca_only,0.5,1BPI,3.1003720424675323,0.7173585433166105
ca_only,0.5,1BPI,2.7830443301698478,0.6439358242590982
ca_only,0.5,1BPI,3.7019901974603098,0.8565598770233105
ca_only,0.5,1BPI,3.5563313020028424,0.8228575820615375
ca_only,0.5,1BPI,3.573764236658914,0.8268911833323902
ca_only,0.5,1BPI,3.547805462678596,0.8208848885930062
ca_only,0.5,1BPI,3.123113819075452,0.7226204949522295
ca_only,0.5,1BPI,3.345798289908357,0.7741448299119735
ca_only,0.5,1CRN,3.1824622936285136,0.7363524389480742
ca_only,0.5,1CRN,3.0827373696475506,0.7132782642298663
ca_only,0.5,1CRN,3.0134527825237885,0.6972473202616585
ca_only,0.5,1CRN,3.2891531787046033,0.7610383852974131
ca_only,0.5,1CRN,2.8969391791401162,0.6702886109019396
ca_only,0.5,1CRN,3.175447424136473,0.734729350979457
ca_only,0.5,1CRN,3.0386975533657488,0.7030884102306989
ca_only,0.5,1CRN,3.2326037389862705,0.7479540769801998
ca_only,0.5,1CSP,3.4971491187536072,0.809164114250436
ca_only,0.5,1CSP,3.191448322288237,0.7384316102027634
ca_only,0.5,1CSP,3.207361097643712,0.7421134797309259
ca_only,0.5,1CSP,3.3564575277669513,0.7766111453213399
ca_only,0.5,1CSP,3.1011215329353123,0.7175319590818258
ca_only,0.5,1CSP,3.3296586734945213,0.7704104743050563
ca_only,0.5,1CSP,3.2098003870926597,0.7426778781650029
ca_only,0.5,1CSP,3.096334374080476,0.7164243148198819
ca_only,0.5,1ENH,2.7031469925436324,0.6254493210429225
ca_only,0.5,1ENH,3.133793874317631,0.7250916270506124
ca_only,0.5,1ENH,2.814682301859765,0.6512561616167103
ca_only,0.5,1ENH,2.8135028301443072,0.6509832575587152
ca_only,0.5,1ENH,3.203470424054177,0.7412132626277914
ca_only,0.5,1ENH,2.862395535296948,0.6622959643134801
ca_only,0.5,1ENH,3.465574373593439,0.8018584061343016
ca_only,0.5,1ENH,2.6087130148487208,0.6035993560223053
ca_only,0.5,1FKB,3.672914387053194,0.8498323679651401
ca_only,0.5,1FKB,3.382658230432775,0.7826734170876883
ca_only,0.5,1FKB,3.68693266636504,0.8530758923838895
ca_only,0.5,1FKB,3.371181331934592,0.7800179128205628
ca_only,0.5,1FKB,3.2771980045523876,0.7582722184640597
ca_only,0.5,1FKB,3.2341456015376275,0.7483108303822706
ca_only,0.5,1FKB,3.1508358902692373,0.7290347782501351
ca_only,0.5,1FKB,3.478076456534104,0.8047511157458878
ca_only,0.5,1HEL,3.454431818516189,0.7992802616504933
ca_only,0.5,1HEL,3.4589022457187335,0.8003146211086788
ca_only,0.5,1HEL,3.7414774485619007,0.8656963666257873
ca_only,0.5,1HEL,3.4584771981078015,0.8002162743519535
ca_only,0.5,1HEL,3.5570981512962847,0.823035014280817
ca_only,0.5,1HEL,3.1876818947671164,0.7375601409329309
ca_only,0.5,1HEL,3.7734760706988446,0.8731001506394077
ca_only,0.5,1HEL,3.8200326083594294,0.8838723191342188
ca_only,0.5,1IGD,3.3887922551700727,0.784092696770882
ca_only,0.5,1IGD,3.1208997897553834,0.7221082168042686
ca_only,0.5,1IGD,2.7405100750505818,0.6340943243115211
ca_only,0.5,1IGD,2.882708835511604,0.666996019420525
ca_only,0.5,1IGD,2.6602489636744604,0.6155236517750977
ca_only,0.5,1IGD,3.4976284781381075,0.8092750275682831
ca_only,0.5,1IGD,2.9188885766958115,0.6753672232883094
ca_only,0.5,1IGD,2.708578389428428,0.6267060279490879
ca_only,0.5,1LZ1,3.5751421152069365,0.8272099944087827
ca_only,0.5,1LZ1,3.7347687343618827,0.8641441163215876
ca_only,0.5,1LZ1,3.752590608012686,0.8682677096020696
ca_only,0.5,1LZ1,3.6437165021033984,0.8430766135174121
ca_only,0.5,1LZ1,3.738728042464007,0.8650602139556061
ca_only,0.5,1LZ1,3.847334208410656,0.890189314570474
ca_only,0.5,1LZ1,3.6286870803542337,0.839599132768266
ca_only,0.5,1LZ1,3.801281985032471,0.8795338334131955
ca_only,0.5,1MBN,3.246296516996011,0.7511222874892868
ca_only,0.5,1MBN,2.8330239404440265,0.6555000171787588
ca_only,0.5,1MBN,2.971489343655653,0.6875378947583105
ca_only,0.5,1MBN,2.940348333113395,0.6803325433830536
ca_only,0.5,1MBN,2.969793753783199,0.6871455722033704
ca_only,0.5,1MBN,2.901729060574395,0.6713968851094501
ca_only,0.5,1MBN,2.950209681954593,0.682614244657275
ca_only,0.5,1MBN,3.015508985557626,0.6977230808455215
ca_only,0.5,1PIN,3.4930406487833463,0.8082135038098965
ca_only,0.5,1PIN,3.5009144082018144,0.8100353201949915
ca_only,0.5,1PIN,3.8519793038952694,0.8912640884636603
ca_only,0.5,1PIN,3.6168983762720446,0.8368714834822599
ca_only,0.5,1PIN,3.8869992741889696,0.8993669466151245
ca_only,0.5,1PIN,3.700873786030259,0.8563015637414743
ca_only,0.5,1PIN,3.822220396517273,0.8843785256489528
ca_only,0.5,1PIN,3.664517602853614,0.8478895350407532
ca_only,0.5,1R69,3.230401873810621,0.7474446133502393
ca_only,0.5,1R69,3.2438516415828884,0.7505565965848002
ca_only,0.5,1R69,3.134016291883918,0.7251430896296751
ca_only,0.5,1R69,3.088614729898211,0.7146381573427603
ca_only,0.5,1R69,3.2086706475067377,0.7424164810382764
ca_only,0.5,1R69,3.045373026986188,0.7046329693889912
ca_only,0.5,1R69,2.972670307179466,0.6878111439882572
ca_only,0.5,1R69,3.1959286248555037,0.7394682546051927
ca_only,0.5,1RIS,2.996951731603871,0.6934293365845497
ca_only,0.5,1RIS,2.7084834931584454,0.6266840710197039
ca_only,0.5,1RIS,3.3740745762156346,0.7806873465125451
ca_only,0.5,1RIS,2.9827888494586494,0.6901523542205962
ca_only,0.5,1RIS,3.1126375452053603,0.7201965134235954
ca_only,0.5,1RIS,3.294870944893932,0.7623613518215653
ca_only,0.5,1RIS,2.9570817016574784,0.6842042802969274
ca_only,0.5,1RIS,3.154455382355692,0.7298722498616449
ca_only,0.5,1SHG,3.498699998234878,0.8095229539736386
ca_only,0.5,1SHG,3.7005777358080048,0.8562330641700434
ca_only,0.5,1SHG,3.6002868393194536,0.8330279357443321
ca_only,0.5,1SHG,3.2405282879742505,0.7497876449651355
ca_only,0.5,1SHG,3.5419349709841783,0.8195265847143826
ca_only,0.5,1SHG,3.4979898344337297,0.8093586375422781
ca_only,0.5,1SHG,3.4162478043076456,0.7904453126716536
ca_only,0.5,1SHG,3.1820227370502643,0.7362507351324163
ca_only,0.5,1STN,3.5548303137174897,0.8225102860740988
ca_only,0.5,1STN,3.3852180776456167,0.7832657099617576
ca_only,0.5,1STN,3.6361131421076593,0.8413173616675876
ca_only,0.5,1STN,3.392184128358386,0.7848775023284584
ca_only,0.5,1STN,3.6471850095343643,0.8438791505691204
ca_only,0.5,1STN,3.6993895018620573,0.8559581327228143
ca_only,0.5,1STN,3.540814385196552,0.8192673055771494
ca_only,0.5,1STN,3.6886387818500888,0.8534706503362642
ca_only,0.5,1TIM,3.527621783169969,0.8162148248933109
ca_only,0.5,1TIM,3.6084061444448072,0.8349065660563353
ca_only,0.5,1TIM,3.5213570630902606,0.8147653051553219
ca_only,0.5,1TIM,3.412094983387715,0.7894844403876277
ca_only,0.5,1TIM,3.642700146090859,0.8428414508792966
ca_only,0.5,1TIM,3.635275840774308,0.8411236283812006
ca_only,0.5,1TIM,3.6039489583777518,0.8338752703084195
ca_only,0.5,1TIM,3.5896452169235005,0.8305656961692356
ca_only,0.5,1TUP,3.7949550191875834,0.8780699113612825
ca_only,0.5,1TUP,3.707157882943369,0.8577555668565524
ca_only,0.5,1TUP,3.6649137402458116,0.8479811926027256
ca_only,0.5,1TUP,3.733608160417849,0.8638755847961773
ca_only,0.5,1TUP,3.8076141776961334,0.880998964837097
ca_only,0.5,1TUP,3.752163880950755,0.8681689742569729
ca_only,0.5,1TUP,3.843357993553732,0.8892693050817396
ca_only,0.5,1TUP,3.7256160695313527,0.8620263890874494
ca_only,0.5,1UBI,3.087347917797966,0.7143450446225964
ca_only,0.5,1UBI,3.5106365980608034,0.8122848231125643
ca_only,0.5,1UBI,3.4240987098378173,0.7922618411649108
ca_only,0.5,1UBI,3.538556740961236,0.8187449358880315
ca_only,0.5,1UBI,3.19536389146237,0.7393375876017778
ca_only,0.5,1UBI,3.3748930916443656,0.7808767331498886
ca_only,0.5,1UBI,3.180315213274731,0.7358556513323056
ca_only,0.5,1UBI,2.8558848608496077,0.6607895360933896
ca_only,0.5,1UBQ,3.2639274697286087,0.7552017058288594
ca_only,0.5,1UBQ,3.044318234224668,0.7043889133245769
ca_only,0.5,1UBQ,3.511229959496571,0.81242211402133
ca_only,0.5,1UBQ,3.318421474608907,0.767810431305982
ca_only,0.5,1UBQ,3.3867835141120035,0.7836279178541653
ca_only,0.5,1UBQ,3.242781922479244,0.7503090868900161
ca_only,0.5,1UBQ,3.216249018452049,0.7441699509662644
ca_only,0.5,1UBQ,3.587682507004963,0.8301115678553335
ca_only,0.5,1VII,2.4099737115453332,0.5576154111393521
ca_only,0.5,1VII,2.2399341744914554,0.5182719668893131
ca_only,0.5,1VII,2.80091909824386,0.6480716561567083
ca_only,0.5,1VII,1.867959295795733,0.4322050841163787
ca_only,0.5,1VII,2.4791466280918075,0.5736205169689244
ca_only,0.5,1VII,2.592061393821548,0.5997465337028246
ca_only,0.5,1VII,2.545702124036178,0.5890200086964945
ca_only,0.5,1VII,2.539279879102377,0.5875340411392372
ca_only,0.5,2ACY,3.5040280434233386,0.810755747548979
ca_only,0.5,2ACY,3.329252144244455,0.7703164122935787
ca_only,0.5,2ACY,3.5154906624762456,0.8134079478635717
ca_only,0.5,2ACY,3.649428815028847,0.8443983182751118
ca_only,0.5,2ACY,3.5211363070013806,0.8147142270059327
ca_only,0.5,2ACY,3.413822510780558,0.7898841525889682
ca_only,0.5,2ACY,3.458078829627969,0.8001241005649107
ca_only,0.5,2ACY,3.48143746626218,0.8055287801711826
ca_only,0.5,2CI2,3.106509397823737,0.7187785936324557
ca_only,0.5,2CI2,2.9979496372753656,0.6936602302157222
ca_only,0.5,2CI2,3.522332902652432,0.8149910931695477
ca_only,0.5,2CI2,3.4455533785888286,0.7972259840844543
ca_only,0.5,2CI2,3.360944825795923,0.7776494083211987
ca_only,0.5,2CI2,3.346215288679756,0.7742413143425896
ca_only,0.5,2CI2,3.264837666976983,0.7554123056418112
ca_only,0.5,2CI2,3.0450480063310628,0.7045577666905682
ca_only,0.5,2CRO,3.416609984300843,0.7905291132313218
ca_only,0.5,2CRO,3.3985933908133115,0.7863604660229511
ca_only,0.5,2CRO,3.374137086333339,0.780701809991884
ca_only,0.5,2CRO,3.671842145312888,0.8495842745871928
ca_only,0.5,2CRO,3.4028161850356153,0.7873375286046491
ca_only,0.5,2CRO,3.127297271831414,0.7235884547757422
ca_only,0.5,2CRO,3.4646009916664395,0.8016331867633104
ca_only,0.5,2CRO,3.0469340081157883,0.7049941464135342
ca_only,0.5,2GB1,2.511899237643008,0.5811987572432005
ca_only,0.5,2GB1,2.8534959426422266,0.660236792467181
ca_only,0.5,2GB1,3.048031979584273,0.7052481930900126
ca_only,0.5,2GB1,2.682971598058334,0.6207811743171209
ca_only,0.5,2GB1,2.0714964224638344,0.4792991407965156
ca_only,0.5,2GB1,2.622498406057922,0.6067889952079986
ca_only,0.5,2GB1,2.689762823395541,0.6223525159008091
ca_only,0.5,2GB1,2.945615238628745,0.6815511905700765
ca_only,0.5,2LZM,3.3872475028881066,0.7837352747481062
ca_only,0.5,2LZM,3.358313248867874,0.7770405187537943
ca_only,0.5,2LZM,3.206763978339786,0.7419753193333404
ca_only,0.5,2LZM,3.315285166525526,0.7670847579457308
ca_only,0.5,2LZM,3.324022815601633,0.7691064595761775
ca_only,0.5,2LZM,3.452818898229519,0.7989070670365944
ca_only,0.5,2LZM,3.109030853002305,0.7193620034262351
ca_only,0.5,2LZM,3.3591560290036955,0.7772355197157071
ca_only,0.5,2PCY,3.6229027091922896,0.8382607553045626
ca_only,0.5,2PCY,3.305220174565457,0.7647559380905427
ca_only,0.5,2PCY,3.967460589137777,0.9179839418964643
ca_only,0.5,2PCY,3.5261398866035902,0.8158719463136945
ca_only,0.5,2PCY,3.552717605601876,0.8220214514453801
ca_only,0.5,2PCY,3.6587895937419908,0.8465641985275429
ca_only,0.5,2PCY,3.8027046529852635,0.8798630077820323
ca_only,0.5,2PCY,3.64235873911235,0.8427624567426489
ca_only,0.5,2PTL,2.1846479770869025,0.50547994532145
ca_only,0.5,2PTL,3.332805574833764,0.7711385987139203
ca_only,0.5,2PTL,2.585253223698382,0.5981712714648387
ca_only,0.5,2PTL,3.268858554398294,0.7563426513886707
ca_only,0.5,2PTL,2.7652458396755337,0.6398176413315828
ca_only,0.5,2PTL,2.1769237236519303,0.5036927213636729
ca_only,0.5,2PTL,2.766250228743125,0.6400500350793593
ca_only,0.5,2PTL,2.07248816040614,0.47952860734952896
ca_only,0.5,3CHY,3.3735667344932994,0.7805698430022633
ca_only,0.5,3CHY,3.304109084789673,0.7644988561235617
ca_only,0.5,3CHY,3.3441501225389105,0.7737634798910428
ca_only,0.5,3CHY,3.5273583471248595,0.8161538715319114
ca_only,0.5,3CHY,3.4833348656885326,0.8059677970601024
ca_only,0.5,3CHY,3.14430236254746,0.7275230622802406
ca_only,0.5,3CHY,3.3082611558079917,0.7654595548966927
ca_only,0.5,3CHY,3.3128038731909304,0.7665106407276469
ca_only,0.5,3PGK,3.2565019941228335,0.7534836125513338
ca_only,0.5,3PGK,3.1022324670628016,0.7177890050351825
ca_only,0.5,3PGK,3.09402244343152,0.7158893844373772
ca_only,0.5,3PGK,3.166141324637726,0.73257612230595
ca_only,0.5,3PGK,3.1552859658483183,0.7300644287860487
ca_only,0.5,3PGK,3.1263793781824702,0.7233760741833789
ca_only,0.5,3PGK,3.204293911107631,0.7414037995907798
ca_only,0.5,3PGK,3.1253686504237117,0.7231422138005664
ca_only,0.5,4HHB,3.0436686533257538,0.7042386144568834
ca_only,0.5,4HHB,3.619401437542151,0.8374506373263665
ca_only,0.5,4HHB,3.4919089905421594,0.8079516627481432
ca_only,0.5,4HHB,3.1208293746166134,0.7220919242752807
ca_only,0.5,4HHB,3.1465962770144413,0.728053824110752
ca_only,0.5,4HHB,3.27885536578306,0.7586556957441729
ca_only,0.5,4HHB,3.2201708997411007,0.7450773888511498
ca_only,0.5,4HHB,3.2821623678004745,0.759420863961878
